CHANNEL,NAME,CALL LETTERS,U450,U300,U200,U-fam,Intl,PE/Ux00Latino,HD Premium Tier,Addtl Channels
846,@MAX,ATMAX,TRUE,,,,,,,TRUE
840,5StarMAX,5STAR,TRUE,,,,,,,TRUE
1840,5StarMax HD,5MAXHD,TRUE,,,,,,,TRUE
132,A&E,A&E,TRUE,TRUE,TRUE,,,,,
132,A&E - West,A&E-W,TRUE,TRUE,TRUE,,,,,
1132,A&E HD,A&E HD,TRUE,TRUE,TRUE,,,,,
3712,aapka Colors,APCLR,,,,,TRUE,,,
178,ABC Family,FAM,TRUE,TRUE,TRUE,,,,,
179,ABC Family - West,FAM-W,TRUE,TRUE,TRUE,,,,,
1178,ABC Family Channel HD,FAM HD,TRUE,TRUE,TRUE,,,,,
1179,ABC Family Channel HD - West,FAMHDW,TRUE,TRUE,TRUE,,,,,
9910,Account Manager,,TRUE,TRUE,TRUE,TRUE,,,,
836,ActionMAX,ACTMAX,TRUE,,,,,,,TRUE
837,ActionMAX - West,ACTM-W,TRUE,,,,,,,TRUE
1836,ActionMax HD,ACTMHD,TRUE,,,,,,,TRUE
1837,ActionMAX HD - West,ACTMHW,TRUE,,,,,,,TRUE
1401,All About U-verse Interactive Application,APP,TRUE,TRUE,TRUE,TRUE,,,,
401,All About U-verse Interactive Channel,APP,TRUE,TRUE,TRUE,TRUE,,,,
795,AMC,AMC,TRUE,TRUE,TRUE,,,,,
796,AMC - West,AMC-W,TRUE,TRUE,TRUE,,,,,
1795,AMC HD,AMC HD,TRUE,TRUE,TRUE,,,,,
297,Amex-Explore Play Learn,APP,TRUE,TRUE,TRUE,TRUE,,,,
252,Animal Planet,APL,TRUE,TRUE,TRUE,TRUE,,,,
253,Animal Planet - West,APL-W,TRUE,TRUE,TRUE,TRUE,,,,
1252,Animal Planet HD,APL HD,TRUE,TRUE,TRUE,TRUE,,,,
3732,Arabic Radio & Television,ART,,,,,TRUE,,,
37,As Seen On TV,ASO TV,TRUE,TRUE,TRUE,TRUE,,,,
101,AT&T Pay Per View Schedule,PPVSCH,TRUE,TRUE,TRUE,TRUE,,,,
300,AT&T U-verse Buzz,BUZZ,TRUE,TRUE,TRUE,TRUE,,,,
100,AT&T U-verse Front Row,FRTROW,TRUE,TRUE,TRUE,TRUE,,,,
200,AT&T U-verse Movies,MOVIES,TRUE,TRUE,TRUE,TRUE,,,,
84,AT&T U-verse Shopping 1,USHOP1,TRUE,TRUE,TRUE,TRUE,,,,
399,AT&T U-verse Shopping 3,USHOP3,TRUE,TRUE,TRUE,TRUE,,,,
429,AT&T U-verse Shopping 4,USHOP4,TRUE,TRUE,TRUE,TRUE,,,,
600,AT&T U-verse Sports,SPORTS,TRUE,TRUE,TRUE,TRUE,,,,
92,AT&T Yahoo! Games,APP,TRUE,TRUE,TRUE,TRUE,,,,
6,Atlanta Interfaith Broadcasters,AIB,TRUE,TRUE,TRUE,TRUE,,,,
1846,ATMax HD,ATM HD,TRUE,,,,,,,TRUE
1106,AXS TV,AXS TV,TRUE,TRUE,TRUE,,,,,
3019,Azteca America,AZTECA,,,,,,TRUE,,
3020,Azteca Mexico,AZAMEX,,,,,,TRUE,,
3146,Bandamax,BANDMX,,,,,,TRUE,,
188,BBC America,BBCA,TRUE,TRUE,TRUE,,,,,
155,BET,BET,TRUE,TRUE,TRUE,,,,,
156,BET - West,BET-W,TRUE,TRUE,TRUE,,,,,
1155,BET (Black Entertainment Television) HD,BET HD,TRUE,TRUE,TRUE,,,,,
516,BET Gospel,BETG,TRUE,TRUE,,,,,,
272,BIO,BIO,TRUE,TRUE,TRUE,,,
1272,BIO HD,BIO HD,TRUE,TRUE,TRUE,,,
222,Bloomberg TV,BLOOM,TRUE,TRUE,TRUE,TRUE,,
327,Boomerang,BOOM,TRUE,TRUE,TRUE,TRUE,,
3053,Boomerang en Espanol,BOOME,,,,,,TRUE
97,Bosley,,TRUE,TRUE,TRUE,TRUE,,
181,Bravo,BRAVO,TRUE,TRUE,TRUE,,,
181,Bravo - West,BRVO-W,TRUE,TRUE,TRUE,,,
1181,Bravo - West HD,BRVOWH,TRUE,TRUE,TRUE,,,
1181,Bravo HD,BRAVHD,TRUE,TRUE,TRUE,,,
650,BTN,BTN,TRUE,TRUE,TRUE,,,
1650,BTN HD,BTN HD,TRUE,TRUE,TRUE,,,
228,BUY TV,BUY TV,TRUE,TRUE,TRUE,TRUE,,
196,BuyIt,BUYIT,TRUE,TRUE,TRUE,TRUE,,
247,BuyIt2,BUYIT2,TRUE,TRUE,TRUE,TRUE,,
1247,BuyIt2,BUYIT2,TRUE,TRUE,TRUE,TRUE,,
567,BYU,BYU,TRUE,TRUE,TRUE,TRUE,,,,
1567,BYU HD,BYU HD,TRUE,TRUE,TRUE,TRUE,,,,
230,C-SPAN,CSPAN1,TRUE,TRUE,TRUE,TRUE,,,,
231,C-SPAN 2,CSPAN2,TRUE,TRUE,TRUE,TRUE,,,,
232,C-SPAN 3,CSPAN3,TRUE,TRUE,TRUE,TRUE,,,,
3022,Canal 22,CNL22,,,,,,TRUE,,
325,Cartoon Network,TOON,TRUE,TRUE,TRUE,,,,,
326,Cartoon Network - West,TOON-W,TRUE,TRUE,TRUE,,,,,
1325,Cartoon Network HD,TOONHD,TRUE,TRUE,TRUE,,,,,
1326,Cartoon Network HD - West,TOONHW,TRUE,TRUE,TRUE,,,,,
9,CBET-9 (CBC),CBET,TRUE,TRUE,TRUE,TRUE,,,,
1009,CBET-HD-9 (CBC),CBETHD,TRUE,TRUE,TRUE,TRUE,,,,
643,CBS Sports Network,CBSSN,TRUE,,,,,,,TRUE
1643,CBS Sports Network HD,CBSSHD,TRUE,,,,,,,TRUE
3067,CBTV Michoacan,CBTVMN,,,,,,TRUE,,
3603,CCTV-4,CCTV-4,,,,,TRUE,,,
3602,CCTV-9,CCTV-9,TRUE,TRUE,TRUE,,,,,
515,Centric,CENTRC,TRUE,TRUE,TRUE,,,,,
3044,Centroamerica TV,CENTRO,,,,,,TRUE,,
3882,Channel One Russia,C1R,,,,,TRUE,,,
153,Chiller,CHILL,TRUE,TRUE,TRUE,,,,,
3124,Cine Estelar,CINEES,,,,,,TRUE,,
3134,Cine Mexicano,CINEMX,,,,,,TRUE,,
3125,Cine Nostalgia,CINENO,,,,,,TRUE,,
3126,Cinelatino,CINE,,,,,,TRUE,,
832,Cinemax,MAX,TRUE,,,,,,,TRUE
833,Cinemax - West,MAX-W,TRUE,,,,,,,TRUE
1832,Cinemax HD,MAXHD,TRUE,,,,,,,TRUE
1833,Cinemax HD - West,MAXHDW,TRUE,,,,,,,TRUE
161,cloo,CLOO,TRUE,TRUE,TRUE,,,,,
525,CMT,CMT,TRUE,TRUE,TRUE,TRUE,,,,
526,CMT - West,CMT-W,TRUE,TRUE,TRUE,TRUE,,,,
1526,CMT (Country Music Television) - West HD,CMTWHD,TRUE,TRUE,TRUE,TRUE,,,
1525,CMT (Country Music Television) HD,CMT HD,TRUE,TRUE,TRUE,TRUE,,,
527,CMT Pure Country,CMT PC,TRUE,TRUE,,TRUE,,,
216,CNBC,CNBC,TRUE,TRUE,TRUE,TRUE,,,
218,CNBC Application,,TRUE,TRUE,TRUE,TRUE,,,
1218,CNBC Application,,TRUE,TRUE,TRUE,TRUE,,,
1216,CNBC HD,CNBCHD,TRUE,TRUE,TRUE,TRUE,,,
217,CNBC World,CNBCW,TRUE,TRUE,,,,,
202,CNN,CNN,TRUE,TRUE,TRUE,,,,
3110,CNN en Espanol,CNNE,,,,,,TRUE,
1202,CNN HD,CNN HD,TRUE,TRUE,TRUE,,,,
203,CNN Headline News,HLN,TRUE,TRUE,TRUE,,,,
1203,CNN Headline News HD,HLN HD,TRUE,TRUE,TRUE,,,,
205,CNN International,CNNI,TRUE,TRUE,,,,,
770,Comcast SportsNet Bay Area,CSNBA,TRUE,TRUE,TRUE,,,,
1770,Comcast SportsNet Bay Area HD,CSBAHD,TRUE,TRUE,TRUE,,,,TRUE
767,Comcast SportsNet California,CSC,TRUE,TRUE,TRUE,,,,
1767,Comcast SportsNet California HD,CSCHD,TRUE,TRUE,TRUE,,,,TRUE
741,Comcast SportsNet Chicago,CSN,TRUE,TRUE,TRUE,,,,
1741,Comcast SportsNet Chicago HD,CSN HD,TRUE,TRUE,TRUE,,,,TRUE
714,Comcast SportsNet New England,CSNNE,TRUE,TRUE,TRUE,,,,
1714,Comcast SportsNet New England HD,CSNEHD,TRUE,TRUE,TRUE,,,,TRUE
140,Comedy Central,COM,TRUE,TRUE,TRUE,,,,
141,Comedy Central - West,COM-W,TRUE,TRUE,TRUE,,,,
1141,Comedy Central - West HD,COMWHD,TRUE,TRUE,TRUE,,,,
1140,Comedy Central HD,COM HD,TRUE,TRUE,TRUE,,,,
8001,Community Channel,APP,TRUE,TRUE,TRUE,TRUE,,,
83,Connecticut Network,CT-N,TRUE,TRUE,TRUE,TRUE,,,
456,Cooking Channel,COOK,TRUE,TRUE,TRUE,,,,
1456,Cooking Channel HD,COOKHD,TRUE,TRUE,TRUE,,,,
1163,Crime & Investigation HD,C&I HD,TRUE,TRUE,TRUE,,,,
163,Crime & Investigation Network,CIN,TRUE,TRUE,TRUE,,,,
3604,CTI-Zhong Tian,CTI ZT,,,,,TRUE,
189,Current TV,CURNT,TRUE,TRUE,,,,
400,Customer Notification,ATTN,TRUE,TRUE,TRUE,TRUE,,
563,Daystar,DAYSTR,TRUE,TRUE,TRUE,TRUE,,
3128,De Pelicula,DEPEL,,,,,,TRUE
3129,De Pelicula Clasico,DEPELC,,,,,,TRUE
465,Destination America,DAM,TRUE,TRUE,,,,
1465,Destination America HD,DAM HD,TRUE,TRUE,,,,
120,Discovery Channel,DSC,TRUE,TRUE,TRUE,TRUE,,
121,Discovery Channel - West,DSC-W,TRUE,TRUE,TRUE,TRUE,,
1120,Discovery Channel HD,DSC HD,TRUE,TRUE,TRUE,TRUE,,
3102,Discovery en Espanol,DSC-ES,,,,,,TRUE
3103,Discovery Familia,DFAM,,,,,,TRUE
466,Discovery Fit & Health,DFH,TRUE,TRUE,,,,
302,Disney Channel,DIS,TRUE,TRUE,TRUE,TRUE,,
303,Disney Channel - West,DIS-W,TRUE,TRUE,TRUE,TRUE,,
1302,Disney Channel HD,DIS HD,TRUE,TRUE,TRUE,TRUE,,,,
1303,Disney Channel HD - West,DISHDW,TRUE,TRUE,TRUE,TRUE,,,,
306,Disney Jr,DIS JR,TRUE,TRUE,TRUE,,,,,
1306,Disney Jr HD,DISJRH,TRUE,TRUE,TRUE,,,,,
304,Disney XD,DISXD,TRUE,TRUE,TRUE,TRUE,,,,
305,Disney XD - West,DISXDW,TRUE,TRUE,TRUE,TRUE,,,,
3052,Disney XD en Espanol,DXDES,,,,,,TRUE,,
1304,Disney XD HD,DXDHD,TRUE,TRUE,TRUE,TRUE,,,,
1305,Disney XD HD - West,DXDHDW,TRUE,TRUE,TRUE,TRUE,,,,
454,DIY Network,DIY,TRUE,TRUE,TRUE,TRUE,,,,
1454,DIY Network (Do-It-Yourself Network) HD,DIY HD,TRUE,TRUE,TRUE,TRUE,,,,
134,E! Entertainment,E!,TRUE,TRUE,TRUE,,,,,
135,E! Entertainment - West,E!-W,TRUE,TRUE,TRUE,,,,,
1134,E! Entertainment HD,E! HD,TRUE,TRUE,TRUE,,,,,
932,Encore,ENC,TRUE,TRUE,,,,,,TRUE
933,Encore - West,ENC-W,TRUE,TRUE,,,,,,TRUE
938,Encore Action,ENCACT,TRUE,TRUE,,,,,,TRUE
1938,Encore Action HD,ENCAHD,TRUE,TRUE,,,,,,TRUE
942,Encore Drama,ENCDRA,TRUE,TRUE,,,,,,TRUE
943,Encore Espanol,ENC ES,TRUE,TRUE,,,,,,TRUE
944,Encore Family,ENCFAM,TRUE,TRUE,,,,,,TRUE
1932,Encore HD,ENCHD,TRUE,TRUE,,,,,,TRUE
1933,Encore HD - West,ENCHDW,TRUE,TRUE,,,,,,TRUE
934,Encore Love,ENCLOV,TRUE,TRUE,,,,,,TRUE
936,Encore Suspense,ENCSUS,TRUE,TRUE,,,,,,TRUE
940,Encore Westerns,ENCWES,TRUE,TRUE,,,,,,TRUE
602,ESPN,ESPN,TRUE,TRUE,TRUE,,,,,
603,ESPN Classic,ECL,TRUE,TRUE,TRUE,,,,,
3113,ESPN Deportes,DEP,TRUE,,,,,TRUE,,
4501,ESPN Full Court 1,FC1,,,,,,,,TRUE
4502,ESPN Full Court 2,FC2,,,,,,,,TRUE
4503,ESPN Full Court 3,FC3,,,,,,,,TRUE
4504,ESPN Full Court 4,FC4,,,,,,,,TRUE
4505,ESPN Full Court 5,FC5,,,,,,,,TRUE
4506,ESPN Full Court 6,FC6,,,,,,,,TRUE
621,ESPN Full Court Multiview 2012,APP,,,,,,,,TRUE
4500,ESPN Full Court Multiview 2012,APP,,,,,,,,TRUE
1602,ESPN HD,ESPNHD,TRUE,TRUE,TRUE,,,,,
606,ESPN2,ESPN2,TRUE,TRUE,TRUE,,,,,
1606,ESPN2 HD,ESPNH2,TRUE,TRUE,TRUE,,,,,
604,ESPNEWS,ESN,TRUE,TRUE,TRUE,,,,,
1604,ESPNews HD,ESN HD,TRUE,TRUE,TRUE,,,,,
605,ESPNU,ESPU,TRUE,TRUE,TRUE,,,,,
1605,ESPNU HD,ESNUHD,TRUE,TRUE,TRUE,,,,,
3024,Estrella,ESTLLA,,,,,,TRUE,,
3632,ET-Global,E-GBL,,,,,TRUE,,,
3631,ET-News,E-NWS,,,,,TRUE,,,
562,EWTN,EWTN,TRUE,TRUE,TRUE,TRUE,,,,
3077,EWTN Espanol,EWTNES,TRUE,TRUE,TRUE,TRUE,,TRUE,,
580,FAITH,FAITH,TRUE,TRUE,TRUE,TRUE,,,,
578,Family Entertainment TV,FETV,TRUE,TRUE,TRUE,TRUE,,,,
566,FamilyNet,FAMNET,TRUE,TRUE,TRUE,TRUE,,,,
95,Film Awards Interactive,,TRUE,TRUE,TRUE,TRUE,,,,
91,Flickr from Yahoo!,,TRUE,TRUE,TRUE,TRUE,,,,
890,FLIX,FLIX,TRUE,TRUE,,,,,,TRUE
452,Food Network,FOOD,TRUE,TRUE,TRUE,TRUE,,,,
453,Food Network - West,FOOD-W,TRUE,TRUE,TRUE,TRUE,,,,
457,Food Network Application,,TRUE,TRUE,TRUE,TRUE,,,,
1457,Food Network Application,,TRUE,TRUE,TRUE,TRUE,,,,
1452,Food Network HD,FOODHD,TRUE,TRUE,TRUE,TRUE,,,,
3108,FOROtv,FORO,,,,,,TRUE,,
211,Fox Business Network,FBN,TRUE,TRUE,TRUE,,,,,
1211,Fox Business Network HD,FBN HD,TRUE,TRUE,TRUE,,,,,
647,Fox College Sports - Atlantic,FCSA,TRUE,,,,,,,TRUE
648,Fox College Sports - Central,FCSC,TRUE,,,,,,,TRUE
649,Fox College Sports - Pacific,FCSP,TRUE,,,,,,,TRUE
3114,FOX Deportes,FOXDEP,TRUE,TRUE,,,,TRUE,,TRUE
792,Fox Movie Channel,FMC,TRUE,TRUE,,,,,,
210,Fox News Channel,FNC,TRUE,TRUE,TRUE,,,,,
1210,Fox News Channel HD,FNC HD,TRUE,TRUE,TRUE,,,,,
654,Fox Soccer,FS,TRUE,TRUE,TRUE,,,,,
1654,Fox Soccer HD,FS HD,TRUE,TRUE,TRUE,,,,,TRUE
1653,Fox Soccer Plus HD,FS+ HD,,,,,,,,TRUE
1762,FSN Arizona HD,FSAZHD,,,,,,,TRUE,
737,FSN Detroit,FSD,TRUE,TRUE,TRUE,,,,,
1737,FSN Detroit HD,FSD HD,TRUE,TRUE,TRUE,,,,TRUE,
720,FSN Florida,FSFL,TRUE,TRUE,TRUE,,,,,
1720,FSN Florida HD,FSFLHD,TRUE,TRUE,TRUE,,,,TRUE,
749,FSN Midwest - Indianapolis,FSMW-I,TRUE,TRUE,TRUE,,,,,
1749,FSN Midwest - Indianapolis HD,FSINHD,TRUE,TRUE,TRUE,,,,TRUE,
750,FSN Midwest - Kansas City,FSMW-K,TRUE,TRUE,TRUE,,,,
1750,FSN Midwest - Kansas City HD,FSKCHD,TRUE,TRUE,TRUE,,,,TRUE
748,FSN Midwest - St Louis,FSMW-S,TRUE,TRUE,TRUE,,,,
1748,FSN Midwest - St Louis HD,FSMOHD,TRUE,TRUE,TRUE,,,,TRUE
732,FSN Ohio-Cincinnati,FSOHCI,TRUE,TRUE,TRUE,,,,
1732,FSN Ohio-Cincinnati HD,FSCIHD,TRUE,TRUE,TRUE,,,,TRUE
734,FSN Ohio-Cleveland,FSOHCL,TRUE,TRUE,TRUE,,,,
1734,FSN Ohio-Cleveland HD,FSCLHD,TRUE,TRUE,TRUE,,,,TRUE
774,FSN Prime Ticket,FSPT,TRUE,TRUE,TRUE,,,,
1774,FSN Prime Ticket HD,FSPTHD,TRUE,TRUE,TRUE,,,,TRUE
776,FSN San Diego,FSSD,TRUE,TRUE,TRUE,,,,
1776,FSN San Diego HD,FSSDHD,TRUE,TRUE,TRUE,,,,TRUE
724,FSN South,FSS,TRUE,TRUE,TRUE,,,,
1724,FSN South HD,FSSHD,TRUE,TRUE,TRUE,,,,TRUE
753,FSN Southwest - Dallas,FSSW-D,TRUE,TRUE,TRUE,,,,
1753,FSN Southwest - Dallas HD,FSDAHD,TRUE,TRUE,TRUE,,,,TRUE
755,FSN Southwest - Houston,FSSW-H,TRUE,TRUE,TRUE,,,,
1755,FSN Southwest - Houston HD,FSHOHD,TRUE,TRUE,TRUE,,,,TRUE
756,FSN Southwest - San Antonio,FSSW-S,TRUE,TRUE,TRUE,,,,
1756,FSN Southwest - San Antonio HD,FSSAHD,TRUE,TRUE,TRUE,,,,TRUE
772,FSN West,FSW,TRUE,TRUE,TRUE,,,,
1772,FSN West HD,FSWHD,TRUE,TRUE,TRUE,,,,TRUE
744,FSN Wisconsin,FSWI,TRUE,TRUE,TRUE,,,,
1744,FSN Wisconsin HD,FSWIHD,TRUE,TRUE,TRUE,,,,TRUE
651,Fuel,FUEL,TRUE,TRUE,TRUE,,,,
1484,FUNimation Channel HD,FUN HD,,,,,,,TRUE
535,fuse,FUSE,TRUE,TRUE,TRUE,,,,
1535,fuse HD,FUSEHD,TRUE,TRUE,TRUE,,,,
128,FX,FX,TRUE,TRUE,TRUE,,,,
129,FX - West,FX-W,TRUE,TRUE,TRUE,,,,
1128,FX Network HD,FX HD,TRUE,TRUE,TRUE,,,,
1129,FX Network HD - West,FXW HD,TRUE,TRUE,TRUE,,,,
149,G4,G4,TRUE,TRUE,TRUE,,,,,
150,G4 - West,G4-W,TRUE,TRUE,TRUE,,,,,
1149,G4 HD,G4 HD,TRUE,TRUE,TRUE,,,,,
529,GAC,GAC,TRUE,TRUE,TRUE,,,,,
3003,Galavision,GALA,TRUE,TRUE,TRUE,,,TRUE,,
3004,Galavision - West,GALA-W,TRUE,TRUE,TRUE,,,TRUE,,
3683,GMA Pinoy,GMA,,,,,TRUE,,,
641,Golf Channel,GOLF,TRUE,TRUE,TRUE,,,,,
1641,Golf HD,GOLFHD,TRUE,TRUE,TRUE,,,,,
656,GolTV,GOL TV,TRUE,,,,,TRUE,,TRUE
1656,GolTV HD,GOL HD,TRUE,,,,,TRUE,,TRUE
173,GSN - Game Show Network,GSN,TRUE,TRUE,TRUE,,,,,
1173,GSN - Game Show Network HD,GSN HD,TRUE,TRUE,TRUE,,,,,
257,H2,H2,TRUE,TRUE,TRUE,,,,,
1257,H2 HD,H2 HD,TRUE,TRUE,TRUE,,,,,
1492,Halogen HD,HALOHD,,,,,,,TRUE,
1490,Havoc TV HD,HAV HD,,,,,,,TRUE,
802,HBO,HBO,TRUE,,,,,,,TRUE
803,HBO - West,HBO-W,TRUE,,,,,,,TRUE
810,HBO Comedy,HBOCOM,TRUE,,,,,,,TRUE
811,HBO Comedy - West,HBOC-W,TRUE,,,,,,,TRUE
1810,HBO Comedy HD,HBOCHD,TRUE,,,,,,,TRUE
1811,HBO Comedy HD - West,HBOCHW,TRUE,,,,,,,TRUE
806,HBO Family,HBOFAM,TRUE,,,,,,,TRUE
807,HBO Family - West,HBOF-W,TRUE,,,,,,,TRUE
1806,HBO Family HD,HBOFHD,TRUE,,,,,,,TRUE
1807,HBO Family HD - West,HBOFHW,TRUE,,,,,,,TRUE
1802,HBO HD,HBO HD,TRUE,,,,,,,TRUE
1803,HBO HD - West,HBOHDW,TRUE,,,,,,,TRUE
814,HBO Latino,HBOLAT,TRUE,,,,,,,TRUE
815,HBO Latino - West,HBOL-W,TRUE,,,,,,,TRUE
1814,HBO Latino HD,HBOLHD,TRUE,,,,,,,TRUE
1815,HBO Latino HD - West,HBOLHW,TRUE,,,,,,,TRUE
808,HBO Signature,HBOSIG,TRUE,,,,,,,TRUE
809,HBO Signature - West,HBOS-W,TRUE,,,,,,,TRUE
1808,HBO Signature HD,HBOSHD,TRUE,,,,,,,TRUE
1809,HBO Signature HD - West,HBOSHW,TRUE,,,,,,,TRUE
812,HBO Zone,HBOZNE,TRUE,,,,,,,TRUE
813,HBO Zone - West,HBOZ-W,TRUE,,,,,,,TRUE
1812,HBO Zone HD,HBOZHD,TRUE,,,,,,,TRUE
1813,HBO Zone HD - West,HBOZHW,TRUE,,,,,,,TRUE
804,HBO2,HBO2,TRUE,,,,,,,TRUE
805,HBO2 - West,HBO2-W,TRUE,,,,,,,TRUE
1804,HBO2 HD,HBO2HD,TRUE,,,,,,,TRUE
1805,HBO2 HD - West,HBO2HW,TRUE,,,,,,,TRUE
1107,HDNet Movies,HDMOV,,,,,,,TRUE,
450,HGTV,HGTV,TRUE,TRUE,TRUE,TRUE,,,,
451,HGTV - West,HGTV-W,TRUE,TRUE,TRUE,TRUE,,,,
1450,HGTV HD,HGTVHD,TRUE,TRUE,TRUE,TRUE,,,,
256,History,HIST,TRUE,TRUE,TRUE,TRUE,,,,
256,History - West,HIST-W,TRUE,TRUE,TRUE,TRUE,,,,
3104,History en Espanol,HISTES,,,,,,TRUE,,
1256,History HD,HISTHD,TRUE,TRUE,TRUE,TRUE,,,,
3055,HITN,HITN,,,,,,TRUE,,
672,HRTV,HRTV,TRUE,,,,,,,TRUE
422,HSN,HSN,TRUE,TRUE,TRUE,TRUE,,,,
1422,HSN HD,HSN HD,TRUE,TRUE,TRUE,TRUE,,,,
423,HSN Shop by Remote,APP,TRUE,TRUE,TRUE,TRUE,,,,
1423,HSN Shop by Remote,APP,TRUE,TRUE,TRUE,TRUE,,,,
797,IFC,IFC,TRUE,TRUE,TRUE,,,,,
914,IndiePlex,INDIE,TRUE,TRUE,,,,,,TRUE
564,INSP,INSP,TRUE,TRUE,TRUE,TRUE,,,,
260,Investigation Discovery,ID,TRUE,TRUE,TRUE,,,,,
1260,Investigation Discovery HD,ID HD,TRUE,TRUE,TRUE,,,,,
195,ION,ION,TRUE,TRUE,TRUE,TRUE
468,ION Life,ION L,TRUE,TRUE,,
570,JCTV,JCTV,TRUE,TRUE,TRUE,TRUE
428,Jewelry TV,JWLTV,TRUE,TRUE,TRUE,TRUE
166,Justice Central,JC,TRUE,TRUE,TRUE,TRUE
1166,Justice Central HD,JC HD,TRUE,TRUE,TRUE,TRUE
1015,K15CZ-HD-LP-15 (THE CW),KCZ HD,TRUE,TRUE,TRUE,TRUE
15,K15CZ-LP-15 (THE CW),KCZ,TRUE,TRUE,TRUE,TRUE
18,K18HD-LP-18 (PBS),K18HD,TRUE,TRUE,TRUE,TRUE
29,KABB-29 (FOX),KABB,TRUE,TRUE,TRUE,TRUE
1029,KABB-HD-29 (FOX),KABBHD,TRUE,TRUE,TRUE,TRUE
7,KABC-7 (ABC),KABC,TRUE,TRUE,TRUE,TRUE
1007,KABC-HD-07 (ABC),KABCHD,TRUE,TRUE,TRUE,TRUE
39,KABE-39 (UNI),KABE,TRUE,TRUE,TRUE,TRUE
1039,KABE-HD-39 (UNI),KABEHD,TRUE,TRUE,TRUE,TRUE
20,KADF-20 (AZTECA),KADF,TRUE,TRUE,TRUE,TRUE
13,KAFT-13 (PBS),KAFT,TRUE,TRUE,TRUE,TRUE
1013,KAFT-HD-13 (PBS),KAFTHD,TRUE,TRUE,TRUE,TRUE
53,KAIL-53 (MY NETWORK TV),KAIL,TRUE,TRUE,TRUE,TRUE
1053,KAIL-HD-53 (MY NETWORK TV),KAILHD,TRUE,TRUE,TRUE,TRUE
17,KAJA-68 (TEL),KAJA,TRUE,TRUE,TRUE,TRUE
10,KAKE-10 (ABC),KAKE,TRUE,TRUE,TRUE,TRUE
1010,KAKE-HD-10 (ABC),KAKEHD,TRUE,TRUE,TRUE,TRUE
13,KAKW-62 (UNI),KAKW,TRUE,TRUE,TRUE,TRUE
1013,KAKW-HD-62 (UNI),KAKWHD,TRUE,TRUE,TRUE,TRUE
28,KAMC-28 (ABC),KAMC,TRUE,TRUE,TRUE,TRUE
1028,KAMC-HD-28 (ABC),KAMCHD,TRUE,TRUE,TRUE,TRUE
21,KAME-21 (MY NETWORK TV),KAME,TRUE,TRUE,TRUE,TRUE
1021,KAME-HD-21 (MY NETWORK TV),KAMEHD,TRUE,TRUE,TRUE,TRUE
4,KARK-4 (NBC),KARK,TRUE,TRUE,TRUE,TRUE
1004,KARK-HD-4 (NBC),KARKHD,TRUE,TRUE,TRUE,TRUE
42,KARZ-42 (MY NETWORK TV),KARZ,TRUE,TRUE,TRUE,TRUE
1042,KARZ-HD-42 (MY NETWORK TV),KARZHD,TRUE,TRUE,TRUE,TRUE
38,KASN-38 (THE CW),KASN,TRUE,TRUE,TRUE,TRUE
1038,KASN-HD-38 (THE CW),KASNHD,TRUE,TRUE,TRUE,TRUE
7,KATV-7 (ABC),KATV,TRUE,TRUE,TRUE,TRUE
1007,KATV-HD-7 (ABC),KATVHD,TRUE,TRUE,TRUE,TRUE
43,KAUT-43 (IND),KAUT,TRUE,TRUE,TRUE,TRUE
1043,KAUT-HD-43 (IND),KAUTHD,TRUE,TRUE,TRUE,TRUE
54,KAZA-54 (Azteca),KAZA,TRUE,TRUE,TRUE,TRUE
1054,KAZA-HD-54 (Azteca),KAZAHD,TRUE,TRUE,TRUE,TRUE
55,KAZD-55 (AZTECA),KAZD,TRUE,TRUE,TRUE,TRUE
29,KBAK-29 (CBS),KBAK,TRUE,TRUE,TRUE,TRUE
1029,KBAK-HD-29 (CBS),KBAKHD,TRUE,TRUE,TRUE,TRUE
44,KBCW-44 (THE CW),KBCW,TRUE,TRUE,TRUE,TRUE
1044,KBCW-HD-44 (THE CW),KBCWHD,TRUE,TRUE,TRUE,TRUE
63,KBEH-63 (Ind.),KBEH,TRUE,TRUE,TRUE,TRUE
27,KBFX-58 (FOX),KBFX,TRUE,TRUE,TRUE,TRUE
1027,KBFX-HD-58 (FOX),KBFXHD,TRUE,TRUE,TRUE,TRUE
2,KBNT-17 (UNI),KBNT,TRUE,TRUE,TRUE,TRUE
1002,KBNT-HD-17 (UNI),KBNTHD,TRUE,TRUE,TRUE,TRUE
31,KBTF-31 (UniMas),KBTF,TRUE,TRUE,TRUE,TRUE
1031,KBTF-HD-31 (UniMas),KBTFHD,TRUE,TRUE,TRUE,TRUE
19,KBTR-41 (IND),KBTR,TRUE,TRUE,TRUE,TRUE
7,KBVO-27 (MY NETWORK TV),KBVO,TRUE,TRUE,TRUE,TRUE
1007,KBVO-HD-27 (MY NETWORK TV),KBVOHD,TRUE,TRUE,TRUE,TRUE
51,KBZO-51 (UNI),KBZO,TRUE,TRUE,TRUE,TRUE
1051,KBZO-HD-51 (UNI),KBZOHD,TRUE,TRUE,TRUE,TRUE
9,KCAL-9 (Ind.),KCAL,TRUE,TRUE,TRUE,TRUE
1009,KCAL-HD-9 (Ind.),KCALHD,TRUE,TRUE,TRUE,TRUE
35,KCBA-35 (FOX),KCBA,TRUE,TRUE,TRUE,TRUE
1035,KCBA-HD-35 (FOX),KCBAHD,TRUE,TRUE,TRUE,TRUE
11,KCBD-11 (NBC),KCBD,TRUE,TRUE,TRUE,TRUE
1011,KCBD-HD-11 (NBC),KCBDHD,TRUE,TRUE,TRUE,TRUE
49,KCBO-LP-49 (IND),KCBOLP,TRUE,TRUE,TRUE,TRUE
2,KCBS-2 (CBS),KCBS,TRUE,TRUE,TRUE,TRUE
1002,KCBS-HD-02 (CBS),KCBSHD,TRUE,TRUE,TRUE,TRUE
28,KCET-28 (IND),KCET,TRUE,TRUE,TRUE,TRUE
1028,KCET-HD-28 (IND),KCETHD,TRUE,TRUE,TRUE,TRUE
38,KCNS-38 (MUNDOFOX),KCNS,TRUE,TRUE,TRUE,TRUE
1038,KCNS-HD-38 (MUNDOFOX),KCNSHD,TRUE,TRUE,TRUE,TRUE
13,KCOP-13 (MY NETWORK TV),KCOP,TRUE,TRUE,TRUE,TRUE
1013,KCOP-HD-13 (My Network TV),KCOPHD,TRUE,TRUE,TRUE,TRUE
13,KCOS-13 (PBS),KCOS,TRUE,TRUE,TRUE,TRUE
1013,KCOS-HD-13 (PBS),KCOSHD,TRUE,TRUE,TRUE,TRUE
19,KCPT-19 (PBS),KCPT,TRUE,TRUE,TRUE,TRUE
1019,KCPT-HD-19 (PBS),KCPTHD,TRUE,TRUE,TRUE,TRUE
3,KCRA-3 (NBC),KCRA,TRUE,TRUE,TRUE,TRUE
1003,KCRA-HD-3 (NBC),KCRAHD,TRUE,TRUE,TRUE,TRUE
41,KCRP-CA-41 (UniMas),KCRPCA,TRUE,TRUE,TRUE,TRUE
43,KCSM-43 (PBS),KCSM,TRUE,TRUE,TRUE,TRUE
1043,KCSM-HD-43 (PBS),KCSMHD,TRUE,TRUE,TRUE,TRUE
25,KCSO-LP-33 (TEL),KCSOLP,TRUE,TRUE,TRUE,TRUE
1025,KCSO-LP-HD-33 (TEL),KCSOHD,TRUE,TRUE,TRUE,TRUE
43,KCTU-LD-43 (THIS TV),KCTULD,TRUE,TRUE,TRUE,TRUE
5,KCTV-5 (CBS),KCTV,TRUE,TRUE,TRUE,TRUE
1005,KCTV-HD-5 (CBS),KCTVHD,TRUE,TRUE,TRUE,TRUE
29,KCWE-29 (THE CW),KCWE,TRUE,TRUE,TRUE,TRUE
1029,KCWE-HD-29 (THE CW),KCWEHD,TRUE,TRUE,TRUE,TRUE
2,KCWX-2 (MY NETWORK TV),KCWX,TRUE,TRUE,TRUE,TRUE
1002,KCWX-HD-2 (MY NETWORK TV),KCWXHD,TRUE,TRUE,TRUE,TRUE
9,KDAF-33 (THE CW),KDAF,TRUE,TRUE,TRUE,TRUE
1009,KDAF-HD-33 (THE CW),KDAFHD,TRUE,TRUE,TRUE,TRUE
4,KDBC-4 (CBS),KDBC,TRUE,TRUE,TRUE,TRUE
1004,KDBC-HD-4 (CBS),KDBCHD,TRUE,TRUE,TRUE,TRUE
31,KDCU-46 (UNI),KDCU,TRUE,TRUE,TRUE,TRUE
1031,KDCU-HD-46 (UNI),KDCUHD,TRUE,TRUE,TRUE,TRUE
7,KDFI-27 (MY NETWORK TV),KDFI,TRUE,TRUE,TRUE,TRUE
1007,KDFI-HD-27 (MY NETWORK TV),KDFIHD,TRUE,TRUE,TRUE,TRUE
4,KDFW-4 (FOX),KDFW,TRUE,TRUE,TRUE,TRUE
1004,KDFW-HD-4 (FOX),KDFWHD,TRUE,TRUE,TRUE,TRUE
33,KDJT-33 (UniMas),KDJT,TRUE,TRUE,TRUE,TRUE
30,KDNL-30 (ABC),KDNL,TRUE,TRUE,TRUE,TRUE
1030,KDNL-HD-30 (ABC),KDNLHD,TRUE,TRUE,TRUE,TRUE
6,KDOC-56 (Ind.),KDOC,TRUE,TRUE,TRUE,TRUE
1006,KDOC-HD-56 (IND),KDOCHD,TRUE,TRUE,TRUE,TRUE
17,KDOR-17 (TBN),KDOR,TRUE,TRUE,TRUE,TRUE
3,KDTF-36 (UniMas),KDTF,TRUE,TRUE,TRUE,TRUE
1003,KDTF-HD-36 (UniMas),KDTFHD,TRUE,TRUE,TRUE,TRUE
13,KDTV-14 (UNI),KDTV,TRUE,TRUE,TRUE,TRUE
1013,KDTV-HD-14 (UNI),KDTVHD,TRUE,TRUE,TRUE,TRUE
58,KDTX-58 (TBN),KDTX,TRUE,TRUE,TRUE,TRUE
16,KEDT-16 (PBS),KEDT,TRUE,TRUE,TRUE,TRUE
1016,KEDT-HD-16 (PBS),KEDTHD,TRUE,TRUE,TRUE,TRUE
50,KEMO-50 (AZTECA),KEMO,TRUE,TRUE,TRUE,TRUE
5,KENS-5 (CBS),KENS,TRUE,TRUE,TRUE,TRUE
1005,KENS-HD-5 (CBS),KENSHD,TRUE,TRUE,TRUE,TRUE
13,KERA-13 (PBS),KERA,TRUE,TRUE,TRUE,TRUE
1013,KERA-HD-13 (PBS),KERAHD,TRUE,TRUE,TRUE,TRUE
23,KERO-23 (ABC),KERO,TRUE,TRUE,TRUE,TRUE
1023,KERO-HD-23 (ABC),KEROHD,TRUE,TRUE,TRUE,TRUE
13,KETA-13 (PBS),KETA,TRUE,TRUE,TRUE,TRUE
1013,KETA-HD-13 (PBS),KETAHD,TRUE,TRUE,TRUE,TRUE
9,KETC-9 (PBS),KETC,TRUE,TRUE,TRUE,TRUE
1009,KETC-HD-9 (PBS),KETCHD,TRUE,TRUE,TRUE,TRUE
14,KETH-14 (TBN),KETH,TRUE,TRUE,TRUE,TRUE
2,KETS-2 (PBS),KETS,TRUE,TRUE,TRUE,TRUE
1002,KETS-HD-2 (PBS),KETSHD,TRUE,TRUE,TRUE,TRUE
5,KEYE-42 (CBS),KEYE,TRUE,TRUE,TRUE,TRUE
1005,KEYE-HD-42 (CBS),KEYEHD,TRUE,TRUE,TRUE,TRUE
8,KFMB-8 (CBS),KFMB,TRUE,TRUE,TRUE,TRUE
1008,KFMB-HD-8 (CBS),KFMBHD,TRUE,TRUE,TRUE,TRUE
10,KFOL-CD-10 (HOUMA TV),KFOLCD,TRUE,TRUE,TRUE,TRUE
4,KFOR-4 (NBC),KFOR,TRUE,TRUE,TRUE,TRUE
1004,KFOR-HD-4 (NBC),KFORHD,TRUE,TRUE,TRUE,TRUE
14,KFOX-14 (FOX),KFOX,TRUE,TRUE,TRUE,TRUE
1014,KFOX-HD-14 (FOX),KFOXHD,TRUE,TRUE,TRUE,TRUE
59,KFRE-59 (THE CW),KFRE,TRUE,TRUE,TRUE,TRUE
1059,KFRE-HD-59 (THE CW),KFREHD,TRUE,TRUE,TRUE,TRUE
19,KFSF-66 (UniMas),KFSF,TRUE,TRUE,TRUE,TRUE
1019,KFSF-HD-66 (UniMas),KFSFHD,TRUE,TRUE,TRUE,TRUE
5,KFSM-5 (CBS),KFSM,TRUE,TRUE,TRUE,TRUE
1005,KFSM-HD-5 (CBS),KFSMHD,TRUE,TRUE,TRUE,TRUE
30,KFSN-30 (ABC),KFSN,TRUE,TRUE,TRUE,TRUE
1030,KFSN-HD-30 (ABC),KFSNHD,TRUE,TRUE,TRUE,TRUE
24,KFTA-24 (FOX),KFTA,TRUE,TRUE,TRUE,TRUE
1024,KFTA-HD-24 (FOX),KFTAHD,TRUE,TRUE,TRUE,TRUE
15,KFTH-15 (UniMas),KFTH,TRUE,TRUE,TRUE,TRUE
1015,KFTH-HD-15 (UniMas),KFTHHD,TRUE,TRUE,TRUE,TRUE
20,KFTR-46 (UniMas),KFTR,TRUE,TRUE,TRUE,TRUE
1020,KFTR-HD-46 (UniMas),KFTRHD,TRUE,TRUE,TRUE,TRUE
2,KFTV-21 (UNI),KFTV,TRUE,TRUE,TRUE,TRUE
1002,KFTV-HD-21 (UNI),KFTVHD,TRUE,TRUE,TRUE,TRUE
52,KFWD-52 (MUNDOFOX),KFWD,TRUE,TRUE,TRUE,TRUE
1052,KFWD-HD-52 (MUNDOFOX),KFWDHD,TRUE,TRUE,TRUE,TRUE
53,KGEB-53 (IND),KGEB,TRUE,TRUE,TRUE,TRUE
17,KGET-17 (NBC),KGET,TRUE,TRUE,TRUE,TRUE
1017,KGET-HD-17 (NBC),KGETHD,TRUE,TRUE,TRUE,TRUE
42,KGLA-42 (TEL),KGLA,TRUE,TRUE,TRUE,TRUE
43,KGMC-43 (MUNDOFOX),KGMC,TRUE,TRUE,TRUE,TRUE
7,KGO-7 (ABC),KGO,TRUE,TRUE,TRUE,TRUE
1007,KGO-HD-7 (ABC),KGOHD,TRUE,TRUE,TRUE,TRUE
47,KGPE-47 (CBS),KGPE,TRUE,TRUE,TRUE,TRUE
1047,KGPE-HD-47 (CBS),KGPEHD,TRUE,TRUE,TRUE,TRUE
49,KGPT-49 (TNN),KGPT,TRUE,TRUE,TRUE,TRUE
10,KGTV-10 (ABC),KGTV,TRUE,TRUE,TRUE,TRUE
1010,KGTV-HD-10 (ABC),KGTVHD,TRUE,TRUE,TRUE,TRUE
40,KHBS-40 (ABC),KHBS,TRUE,TRUE,TRUE,TRUE
1040,KHBS-HD-40 (ABC),KHBSHD,TRUE,TRUE,TRUE,TRUE
23,KHCE-23 (TBN),KHCE,TRUE,TRUE,TRUE,TRUE
29,KHOG-29 (ABC),KHOG,TRUE,TRUE,TRUE,TRUE
1029,KHOG-HD-29 (ABC),KHOGHD,TRUE,TRUE,TRUE,TRUE
11,KHOU-11 (CBS),KHOU,TRUE,TRUE,TRUE,TRUE
1011,KHOU-HD-11 (CBS),KHOUHD,TRUE,TRUE,TRUE,TRUE
5,KIAH-39 (THE CW),KIAH,TRUE,TRUE,TRUE,TRUE
1005,KIAH-HD-39 (THE CW),KIAHHD,TRUE,TRUE,TRUE,TRUE
6,KICU-36 (IND),KICU,TRUE,TRUE,TRUE,TRUE
1006,KICU-HD-36 (IND),KICUHD,TRUE,TRUE,TRUE,TRUE
1301,Kids HD Multiview,,TRUE,TRUE,TRUE,TRUE
301,Kids Multiview,,TRUE,TRUE,TRUE,TRUE
3,KIII-3 (ABC),KIII,TRUE,TRUE,TRUE,TRUE
1003,KIII-HD-3 (ABC),KIIIHD,TRUE,TRUE,TRUE,TRUE
64,KILM-64 (Ind.),KILM,TRUE,TRUE,TRUE,TRUE
26,KINT-26 (UNI),KINT,TRUE,TRUE,TRUE,TRUE
1026,KINT-HD-26 (UNI),KINTHD,TRUE,TRUE,TRUE,TRUE
46,KION-46 (CBS),KION,TRUE,TRUE,TRUE,TRUE
1046,KION-HD-46 (CBS),KIONHD,TRUE,TRUE,TRUE,TRUE
57,KJLA-57 (Ind.),KJLA,TRUE,TRUE,TRUE,TRUE
2,KJRH-2 (NBC),KJRH,TRUE,TRUE,TRUE,TRUE
1002,KJRH-HD-2 (NBC),KJRHHD,TRUE,TRUE,TRUE,TRUE
34,KJTV-34 (FOX),KJTV,TRUE,TRUE,TRUE,TRUE
1034,KJTV-HD-34 (FOX),KJTVHD,TRUE,TRUE,TRUE,TRUE
32,KJTV-LD-32 (IND),KJTVLD,TRUE,TRUE,TRUE,TRUE
1032,KJTV-LD-HD-32 (IND),KJTVLH,TRUE,TRUE,TRUE,TRUE
11,KKEY-11 (TEL),KKEY,TRUE,TRUE,TRUE,TRUE
65,KKPX-65 (ION),KKPX,TRUE,TRUE,TRUE,TRUE
1065,KKPX-HD-65 (ION),KKPXHD,TRUE,TRUE,TRUE,TRUE
48,KLBB-LP-48 (ME TV),KLBBLP,TRUE,TRUE,TRUE,TRUE
13,KLBK-13 (CBS),KLBK,TRUE,TRUE,TRUE,TRUE
1013,KLBK-HD-13 (CBS),KLBKHD,TRUE,TRUE,TRUE,TRUE
58,KLCS-58 (PBS),KLCS,TRUE,TRUE,TRUE,TRUE
22,KLCW-22 (THE CW),KLCW,TRUE,TRUE,TRUE,TRUE
1022,KLCW-HD-22 (THE CW),KLCWHD,TRUE,TRUE,TRUE,TRUE
58,KLRA-LD-58 (UNI),KLRALD,TRUE,TRUE,TRUE,TRUE
1058,KLRA-LD-HD-58 (UNI),KLRAHD,TRUE,TRUE,TRUE,TRUE
9,KLRN-9 (PBS),KLRN,TRUE,TRUE,TRUE,TRUE
1009,KLRN-HD-9 (PBS),KLRNHD,TRUE,TRUE,TRUE,TRUE
16,KLRT-16 (Fox),KLRT,TRUE,TRUE,TRUE,TRUE
1016,KLRT-HD-16 (Fox),KLRTHD,TRUE,TRUE,TRUE,TRUE
18,KLRU-18 (PBS),KLRU,TRUE,TRUE,TRUE,TRUE
1018,KLRU-HD-18 (PBS),KLRUHD,TRUE,TRUE,TRUE,TRUE
31,KMAX-31 (THE CW),KMAX,TRUE,TRUE,TRUE,TRUE
1031,KMAX-HD-31 (THE CW),KMAXHD,TRUE,TRUE,TRUE,TRUE
9,KMBC-9 (ABC),KMBC,TRUE,TRUE,TRUE,TRUE
1009,KMBC-HD-9 (ABC),KMBCHD,TRUE,TRUE,TRUE,TRUE
38,KMCI-38 (IND),KMCI,TRUE,TRUE,TRUE,TRUE
1038,KMCI-HD-38 (IND),KMCIHD,TRUE,TRUE,TRUE,TRUE
12,KMEX-34 (UNI),KMEX,TRUE,TRUE,TRUE,TRUE
1012,KMEX-HD-34 (UNI),KMEXHD,TRUE,TRUE,TRUE,TRUE
2,KMID-2 (ABC),KMID,TRUE,TRUE,TRUE,TRUE
1002,KMID-HD-2 (ABC),KMIDHD,TRUE,TRUE,TRUE,TRUE
42,KMLM-42 (IND),KMLM,TRUE,TRUE,TRUE,TRUE
4,KMOV-4 (CBS),KMOV,TRUE,TRUE,TRUE,TRUE
1004,KMOV-HD-4 (CBS),KMOVHD,TRUE,TRUE,TRUE,TRUE
26,KMPH-26 (FOX),KMPH,TRUE,TRUE,TRUE,TRUE
1026,KMPH-HD-26 (FOX),KMPHHD,TRUE,TRUE,TRUE,TRUE
29,KMPX-29 (ESTRELLA),KMPX,TRUE,TRUE,TRUE,TRUE
39,KMSG-39 (AZTECA),KMSG,TRUE,TRUE,TRUE,TRUE
32,KMTP-32 (IND),KMTP,TRUE,TRUE,TRUE,TRUE
36,KMTW-36 (MY NETWORK TV),KMTW,TRUE,TRUE,TRUE,TRUE
1036,KMTW-HD-36 (MY NETWORK TV),KMTWHD,TRUE,TRUE,TRUE,TRUE
23,KMUV-LP-23 (TEL),KMUVLP,TRUE,TRUE,TRUE,TRUE
49,KMYA-49 (MeTV),KMYA,TRUE,TRUE,TRUE,TRUE
14,KMYL-14 (MY NETWORK TV),KMYL,TRUE,TRUE,TRUE,TRUE
1014,KMYL-HD-14 (MY NETWORK TV),KMYLHD,TRUE,TRUE,TRUE,TRUE
35,KMYS-35 (THE CW),KMYS,TRUE,TRUE,TRUE,TRUE
1035,KMYS-HD-35 (THE CW),KMYSHD,TRUE,TRUE,TRUE,TRUE
41,KMYT-41 (MY NETWORK TV),KMYT,TRUE,TRUE,TRUE,TRUE
1041,KMYT-HD-41 (MY NETWORK TV),KMYTHD,TRUE,TRUE,TRUE,TRUE
4,KNBC-4 (NBC),KNBC,TRUE,TRUE,TRUE,TRUE
1004,KNBC-HD-04 (NBC),KNBCHD,TRUE,TRUE,TRUE,TRUE
17,KNIC-17 (UniMas),KNIC,TRUE,TRUE,TRUE,TRUE
1017,KNIC-HD-17 (UniMas),KNICHD,TRUE,TRUE,TRUE,TRUE
24,KNLC-24 (IND),KNLC,TRUE,TRUE,TRUE,TRUE
5,KNPB-5 (PBS),KNPB,TRUE,TRUE,TRUE,TRUE
1005,KNPB-HD-5 (PBS),KNPBHD,TRUE,TRUE,TRUE,TRUE
7,KNSD-39 (NBC),KNSD,TRUE,TRUE,TRUE,TRUE
1007,KNSD-HD-39 (NBC),KNSDHD,TRUE,TRUE,TRUE,TRUE
51,KNSO-51 (TEL),KNSO,TRUE,TRUE,TRUE,TRUE
1051,KNSO-HD-51 (TEL),KNSOHD,TRUE,TRUE,TRUE,TRUE
3,KNTV-11 (NBC),KNTV,TRUE,TRUE,TRUE,TRUE
1003,KNTV-HD-11 (NBC),KNTVHD,TRUE,TRUE,TRUE,TRUE
12,KNVA-54 (THE CW),KNVA,TRUE,TRUE,TRUE,TRUE
1012,KNVA-HD-54 (THE CW),KNVAHD,TRUE,TRUE,TRUE,TRUE
41,KNVV-41 (UniMas),KNVV,TRUE,TRUE,TRUE,TRUE
51,KNWA-51 (NBC),KNWA,TRUE,TRUE,TRUE,TRUE
1051,KNWA-HD-51 (NBC),KNWAHD,TRUE,TRUE,TRUE,TRUE
49,KNXT-49 (IND),KNXT,TRUE,TRUE,TRUE,TRUE
34,KOCB-34 (THE CW),KOCB,TRUE,TRUE,TRUE,TRUE
1034,KOCB-HD-34 (THE CW),KOCBHD,TRUE,TRUE,TRUE,TRUE
50,KOCE-50 (PBS),KOCE,TRUE,TRUE,TRUE,TRUE
1050,KOCE-HD-50 (PBS),KOCEHD,TRUE,TRUE,TRUE,TRUE
5,KOCO-5 (ABC),KOCO,TRUE,TRUE,TRUE,TRUE
1005,KOCO-HD-5 (ABC),KOCOHD,TRUE,TRUE,TRUE,TRUE
11,KOED-11 (PBS),KOED,TRUE,TRUE,TRUE,TRUE
1011,KOED-HD-11 (PBS),KOEDHD,TRUE,TRUE,TRUE,TRUE
20,KOFY-20 (IND),KOFY,TRUE,TRUE,TRUE,TRUE
1020,KOFY-HD-20 (IND),KOFYHD,TRUE,TRUE,TRUE,TRUE
38,KOHC-38 (MUNDOFOX),KOHC,TRUE,TRUE,TRUE,TRUE
25,KOKH-25 (FOX),KOKH,TRUE,TRUE,TRUE,TRUE
1025,KOKH-HD-25 (FOX),KOKHHD,TRUE,TRUE,TRUE,TRUE
23,KOKI-23 (Fox),KOKI,TRUE,TRUE,TRUE,TRUE
1023,KOKI-HD-23 (Fox),KOKIHD,TRUE,TRUE,TRUE,TRUE
8,KOLO-8 (ABC),KOLO,TRUE,TRUE,TRUE,TRUE
1008,KOLO-HD-8 (ABC),KOLOHD,TRUE,TRUE,TRUE,TRUE
10,KOLR-10 (CBS),KOLR,TRUE,TRUE,TRUE,TRUE
1010,KOLR-HD-10 (CBS),KOLRHD,TRUE,TRUE,TRUE,TRUE
62,KOPX-62 (ION),KOPX,TRUE,TRUE,TRUE,TRUE
28,KORO-28 (UNI),KORO,TRUE,TRUE,TRUE,TRUE
1028,KORO-HD-28 (UNI),KOROHD,TRUE,TRUE,TRUE,TRUE
7,KOSA-7 (CBS),KOSA,TRUE,TRUE,TRUE,TRUE
1007,KOSA-HD-7 (CBS),KOSAHD,TRUE,TRUE,TRUE,TRUE
11,KOTR-LP-2 (MY NETWORK TV),KOTRLP,TRUE,TRUE,TRUE,TRUE
6,KOTV-6 (CBS),KOTV,TRUE,TRUE,TRUE,TRUE
1006,KOTV-HD-6 (CBS),KOTVHD,TRUE,TRUE,TRUE,TRUE
13,KOVR-13 (CBS),KOVR,TRUE,TRUE,TRUE,TRUE
1013,KOVR-HD-13 (CBS),KOVRHD,TRUE,TRUE,TRUE,TRUE
21,KOZK-21 (PBS),KOZK,TRUE,TRUE,TRUE,TRUE
1021,KOZK-HD-21 (PBS),KOZKHD,TRUE,TRUE,TRUE,TRUE
27,KOZL-27 (IND),KOZL,TRUE,TRUE,TRUE,TRUE
1027,KOZL-HD-27 (IND),KOZLHD,TRUE,TRUE,TRUE,TRUE
11,KPBN-11 (AMERICA ONE),KPBN,TRUE,TRUE,TRUE,TRUE
11,KPBS-15 (PBS),KPBS,TRUE,TRUE,TRUE,TRUE
1011,KPBS-HD-15 (PBS),KPBSHD,TRUE,TRUE,TRUE,TRUE
36,KPBT-36 (PBS),KPBT,TRUE,TRUE,TRUE,TRUE
1036,KPBT-HD-36 (PBS),KPBTHD,TRUE,TRUE,TRUE,TRUE
24,KPEJ-24 (FOX),KPEJ,TRUE,TRUE,TRUE,TRUE
1024,KPEJ-HD-24 (FOX),KPEJHD,TRUE,TRUE,TRUE,TRUE
5,KPIX-5 (CBS),KPIX,TRUE,TRUE,TRUE,TRUE
1005,KPIX-HD-5 (CBS),KPIXHD,TRUE,TRUE,TRUE,TRUE
11,KPLR-11 (THE CW),KPLR,TRUE,TRUE,TRUE,TRUE
1011,KPLR-HD-11 (THE CW),KPLRHD,TRUE,TRUE,TRUE,TRUE
2,KPRC-2 (NBC),KPRC,TRUE,TRUE,TRUE,TRUE
1002,KPRC-HD-2 (NBC),KPRCHD,TRUE,TRUE,TRUE,TRUE
16,KPTB-16 (IND),KPTB,TRUE,TRUE,TRUE,TRUE
8,KPTS-8 (PBS),KPTS,TRUE,TRUE,TRUE,TRUE
1008,KPTS-HD-8 (PBS),KPTSHD,TRUE,TRUE,TRUE,TRUE
49,KPXB-49 (ION),KPXB,TRUE,TRUE,TRUE,TRUE
1049,KPXB-HD-49 (ION),KPXBHD,TRUE,TRUE,TRUE,TRUE
68,KPXD-68 (ION),KPXD,TRUE,TRUE,TRUE,TRUE
1068,KPXD-HD-68 (ION),KPXDHD,TRUE,TRUE,TRUE,TRUE
50,KPXE-50 (ION),KPXE,TRUE,TRUE,TRUE,TRUE
1050,KPXE-HD-50 (ION),KPXEHD,TRUE,TRUE,TRUE,TRUE
26,KPXL-26 (ION),KPXL,TRUE,TRUE,TRUE,TRUE
1026,KPXL-HD-26 (ION),KPXLHD,TRUE,TRUE,TRUE,TRUE
30,KPXN-30 (ION),KPXN,TRUE,TRUE,TRUE,TRUE
1030,KPXN-HD-30 (ION),KPXNHD,TRUE,TRUE,TRUE,TRUE
58,KQCA-58 (MY NETWORK TV),KQCA,TRUE,TRUE,TRUE,TRUE
1058,KQCA-HD-58 (MY NETWORK TV),KQCAHD,TRUE,TRUE,TRUE,TRUE
19,KQCW-19 (THE CW),KQCW,TRUE,TRUE,TRUE,TRUE
1019,KQCW-HD-19 (THE CW),KQCWHD,TRUE,TRUE,TRUE,TRUE
9,KQED-9 (PBS),KQED,TRUE,TRUE,TRUE,TRUE
1009,KQED-HD-9 (PBS),KQEDHD,TRUE,TRUE,TRUE,TRUE
54,KQEH-54 (PBS),KQEH,TRUE,TRUE,TRUE,TRUE
25,KQET-25 (PBS),KQET,TRUE,TRUE,TRUE,TRUE
1025,KQET-HD-25 (PBS),KQETHD,TRUE,TRUE,TRUE,TRUE
15,KQSL-8 (IND),KQSL,TRUE,TRUE,TRUE,TRUE
5,KRBK-49 (FOX),KRBK,TRUE,TRUE,TRUE,TRUE
1005,KRBK-HD-49 (FOX),KRBKHD,TRUE,TRUE,TRUE,TRUE
62,KRCA-62 (ESTRELLA),KRCA,TRUE,TRUE,TRUE,TRUE
22,KRCB-22 (PBS),KRCB,TRUE,TRUE,TRUE,TRUE
1022,KRCB-HD-22 (PBS),KRCBHD,TRUE,TRUE,TRUE,TRUE
27,KREN-27 (UNI),KREN,TRUE,TRUE,TRUE,TRUE
1027,KREN-HD-27 (UNI),KRENHD,TRUE,TRUE,TRUE,TRUE
6,KRIS-6 (NBC),KRIS,TRUE,TRUE,TRUE,TRUE
1006,KRIS-HD-6 (NBC),KRISHD,TRUE,TRUE,TRUE,TRUE
9,KRIV-9 (FOX),KRIV,TRUE,TRUE,TRUE,TRUE
1009,KRIV-HD-9 (FOX),KRIVHD,TRUE,TRUE,TRUE,TRUE
46,KRNS-46 (THE CW),KRNS,TRUE,TRUE,TRUE,TRUE
1046,KRNS-HD-46 (THE CW),KRNSHD,TRUE,TRUE,TRUE,TRUE
4,KRNV-4 (NBC),KRNV,TRUE,TRUE,TRUE,TRUE
1004,KRNV-HD-4 (NBC),KRNVHD,TRUE,TRUE,TRUE,TRUE
4,KRON-4 (MY NETWORK TV),KRON,TRUE,TRUE,TRUE,TRUE
1004,KRON-HD-4 (MY NETWORK TV),KRONHD,TRUE,TRUE,TRUE,TRUE
35,KRSC-35 (IND),KRSC,TRUE,TRUE,TRUE,TRUE
22,KRWG-22 (PBS),KRWG,TRUE,TRUE,TRUE,TRUE
1022,KRWG-HD-22 (PBS),KRWGHD,TRUE,TRUE,TRUE,TRUE
11,KRXI-11 (FOX),KRXI,TRUE,TRUE,TRUE,TRUE
1011,KRXI-HD-11 (FOX),KRXIHD,TRUE,TRUE,TRUE,TRUE
4,KSAO-LD-49 (MUNDOFOX),KSAOLD,TRUE,TRUE,TRUE,TRUE
24,KSAS-24 (FOX),KSAS,TRUE,TRUE,TRUE,TRUE
1024,KSAS-HD-24 (FOX),KSASHD,TRUE,TRUE,TRUE,TRUE
12,KSAT-12 (ABC),KSAT,TRUE,TRUE,TRUE,TRUE
1012,KSAT-HD-12 (ABC),KSATHD,TRUE,TRUE,TRUE,TRUE
52,KSBI-52 (MY NETWORK TV),KSBI,TRUE,TRUE,TRUE,TRUE
1052,KSBI-HD-52 (MY NETWORK TV),KSBIHD,TRUE,TRUE,TRUE,TRUE
8,KSBW-8 (NBC),KSBW,TRUE,TRUE,TRUE,TRUE
7,KSBW-8.2 (ABC),KSBWD2,TRUE,TRUE,TRUE,TRUE
1008,KSBW-HD-8 (NBC),KSBWHD,TRUE,TRUE,TRUE,TRUE
1007,KSBW-HD-8.2 (ABC),KSBWH2,TRUE,TRUE,TRUE,TRUE
38,KSCE-38 (IND),KSCE,TRUE,TRUE,TRUE,TRUE
18,KSCI-18 (Ind.),KSCI,TRUE,TRUE,TRUE,TRUE
5,KSCW-33 (THE CW),KSCW,TRUE,TRUE,TRUE,TRUE
1005,KSCW-HD-33 (THE CW),KSCWHD,TRUE,TRUE,TRUE,TRUE
5,KSDK-5 (NBC),KSDK,TRUE,TRUE,TRUE,TRUE
1005,KSDK-HD-5 (NBC),KSDKHD,TRUE,TRUE,TRUE,TRUE
29,KSDX-29 (ESTRELLA),KSDX,TRUE,TRUE,TRUE,TRUE
50,KSDY-LD-50 (IND),KSDYLD,TRUE,TRUE,TRUE,TRUE
24,KSEE-24 (NBC),KSEE,TRUE,TRUE,TRUE,TRUE
1024,KSEE-HD-24 (NBC),KSEEHD,TRUE,TRUE,TRUE,TRUE
41,KSHB-41 (NBC),KSHB,TRUE,TRUE,TRUE,TRUE
1041,KSHB-HD-41 (NBC),KSHBHD,TRUE,TRUE,TRUE,TRUE
51,KSMI-51 (RETRO TV),KSMI,TRUE,TRUE,TRUE,TRUE
62,KSMO-62 (MY NETWORK TV),KSMO,TRUE,TRUE,TRUE,TRUE
1062,KSMO-HD-62 (MY NETWORK TV),KSMOHD,TRUE,TRUE,TRUE,TRUE
67,KSMS-67 (UNI),KSMS,TRUE,TRUE,TRUE,TRUE
1067,KSMS-HD-67 (UNI),KSMSHD,TRUE,TRUE,TRUE,TRUE
27,KSNT-27 (NBC),KSNT,TRUE,TRUE,TRUE,TRUE
1027,KSNT-HD-27 (NBC),KSNTHD,TRUE,TRUE,TRUE,TRUE
3,KSNW-3 (NBC),KSNW,TRUE,TRUE,TRUE,TRUE
1003,KSNW-HD-3 (NBC),KSNWHD,TRUE,TRUE,TRUE,TRUE
33,KSPR-33 (ABC),KSPR,TRUE,TRUE,TRUE,TRUE
1033,KSPR-HD-33 (ABC),KSPRHD,TRUE,TRUE,TRUE,TRUE
29,KSPX-29 (ION),KSPX,TRUE,TRUE,TRUE,TRUE
1029,KSPX-HD-29 (ION),KSPXHD,TRUE,TRUE,TRUE,TRUE
20,KSTR-49 (UniMas),KSTR,TRUE,TRUE,TRUE,TRUE
1020,KSTR-HD-49 (UniMas),KSTRHD,TRUE,TRUE,TRUE,TRUE
48,KSTS-48 (TEL),KSTS,TRUE,TRUE,TRUE,TRUE
1048,KSTS-HD-48 (TEL),KSTSHD,TRUE,TRUE,TRUE,TRUE
24,KSTV-LP-32 (AZTECA),KSTVLP,TRUE,TRUE,TRUE,TRUE
5,KSWB-69 (FOX),KSWB,TRUE,TRUE,TRUE,TRUE
1005,KSWB-HD-69 (FOX),KSWBHD,TRUE,TRUE,TRUE,TRUE
2,KTBC-7 (FOX),KTBC,TRUE,TRUE,TRUE,TRUE
1002,KTBC-HD-7 (FOX),KTBCHD,TRUE,TRUE,TRUE,TRUE
40,KTBN-40 (TBN),KTBN,TRUE,TRUE,TRUE,TRUE
14,KTBO-14 (TBN),KTBO,TRUE,TRUE,TRUE,TRUE
55,KTBU-55 (MEGA TV),KTBU,TRUE,TRUE,TRUE,TRUE
48,KTDO-48 (TEL),KTDO,TRUE,TRUE,TRUE,TRUE
12,KTFF-61 (UniMas),KTFF,TRUE,TRUE,TRUE,TRUE
1012,KTFF-HD-61 (UniMas),KTFFHD,TRUE,TRUE,TRUE,TRUE
23,KTFK-64 (UniMas),KTFK,TRUE,TRUE,TRUE,TRUE
1023,KTFK-HD-64 (UniMas),KTFKHD,TRUE,TRUE,TRUE,TRUE
65,KTFN-65 (UniMas),KTFN,TRUE,TRUE,TRUE,TRUE
1065,KTFN-HD-65 (UniMas),KTFNHD,TRUE,TRUE,TRUE,TRUE
31,KTFO-LP-31 (UniMas),KTFOLP,TRUE,TRUE,TRUE,TRUE
11,KTHV-11 (CBS),KTHV,TRUE,TRUE,TRUE,TRUE
1011,KTHV-HD-11 (CBS),KTHVHD,TRUE,TRUE,TRUE,TRUE
49,KTKA-49 (ABC),KTKA,TRUE,TRUE,TRUE,TRUE
1049,KTKA-HD-49 (ABC),KTKAHD,TRUE,TRUE,TRUE,TRUE
5,KTLA-5 (THE CW),KTLA,TRUE,TRUE,TRUE,TRUE
1005,KTLA-HD-5 (THE CW),KTLAHD,TRUE,TRUE,TRUE,TRUE
20,KTLE-LP-20 (TEL),KTLELP,TRUE,TRUE,TRUE,TRUE
25,KTLN-68 (Total Living Network),KTLN,TRUE,TRUE,TRUE,TRUE
47,KTMD-47 (TEL),KTMD,TRUE,TRUE,TRUE,TRUE
1047,KTMD-HD-47 (TEL),KTMDHD,TRUE,TRUE,TRUE,TRUE
43,KTMJ-43 (FOX),KTMJ,TRUE,TRUE,TRUE,TRUE
1043,KTMJ-HD-43 (FOX),KTMJHD,TRUE,TRUE,TRUE,TRUE
42,KTNC-42 (Estrella),KTNC,TRUE,TRUE,TRUE,TRUE
21,KTOV-21 (MY NETWORK TV),KTOV,TRUE,TRUE,TRUE,TRUE
44,KTPX-44 (ION),KTPX,TRUE,TRUE,TRUE,TRUE
1044,KTPX-HD-44 (ION),KTPXHD,TRUE,TRUE,TRUE,TRUE
13,KTRK-13 (ABC),KTRK,TRUE,TRUE,TRUE,TRUE
1013,KTRK-HD-13 (ABC),KTRKHD,TRUE,TRUE,TRUE,TRUE
8,KTSF-26 (IND),KTSF,TRUE,TRUE,TRUE,TRUE
9,KTSM-9 (NBC),KTSM,TRUE,TRUE,TRUE,TRUE
1009,KTSM-HD-9 (NBC),KTSMHD,TRUE,TRUE,TRUE,TRUE
11,KTTV-11 (Fox),KTTV,TRUE,TRUE,TRUE,TRUE
1011,KTTV-HD-11 (FOX),KTTVHD,TRUE,TRUE,TRUE,TRUE
5,KTTZ-5 (PBS),KTTZ,TRUE,TRUE,TRUE,TRUE
1005,KTTZ-HD-5 (PBS),KTTZHD,TRUE,TRUE,TRUE,TRUE
8,KTUL-8 (ABC),KTUL,TRUE,TRUE,TRUE,TRUE
1008,KTUL-HD-8 (ABC),KTULHD,TRUE,TRUE,TRUE,TRUE
30,KTUZ-30 (TEL),KTUZ,TRUE,TRUE,TRUE,TRUE
2,KTVI-2 (FOX),KTVI,TRUE,TRUE,TRUE,TRUE
1002,KTVI-HD-2 (FOX),KTVIHD,TRUE,TRUE,TRUE,TRUE
2,KTVN-2 (CBS),KTVN,TRUE,TRUE,TRUE,TRUE
1002,KTVN-HD-2 (CBS),KTVNHD,TRUE,TRUE,TRUE,TRUE
11,KTVT-11 (CBS),KTVT,TRUE,TRUE,TRUE,TRUE
1011,KTVT-HD-11 (CBS),KTVTHD,TRUE,TRUE,TRUE,TRUE
2,KTVU-2 (FOX),KTVU,TRUE,TRUE,TRUE,TRUE
1002,KTVU-HD-2 (FOX),KTVUHD,TRUE,TRUE,TRUE,TRUE
11,KTWU-11 (PBS),KTWU,TRUE,TRUE,TRUE,TRUE
1011,KTWU-HD-11 (PBS),KTWUHD,TRUE,TRUE,TRUE,TRUE
21,KTXA-21 (IND),KTXA,TRUE,TRUE,TRUE,TRUE
1021,KTXA-HD-21 (IND),KTXAHD,TRUE,TRUE,TRUE,TRUE
47,KTXD-47 (ME TV),KTXD,TRUE,TRUE,TRUE,TRUE
4,KTXH-4 (MY NETWORK TV),KTXH,TRUE,TRUE,TRUE,TRUE
1004,KTXH-HD-4 (MY NETWORK TV),KTXHHD,TRUE,TRUE,TRUE,TRUE
8,KTXL-40 (FOX),KTXL,TRUE,TRUE,TRUE,TRUE
1008,KTXL-HD-40 (FOX),KTXLHD,TRUE,TRUE,TRUE,TRUE
57,KUBE-57 (IND),KUBE,TRUE,TRUE,TRUE,TRUE
8,KUHT-8 (PBS),KUHT,TRUE,TRUE,TRUE,TRUE
1008,KUHT-HD-8 (PBS),KUHTHD,TRUE,TRUE,TRUE,TRUE
48,KUKC-48 (UNI),KUKC,TRUE,TRUE,TRUE,TRUE
36,KUOK-36 (UNI),KUOK,TRUE,TRUE,TRUE,TRUE
18,KUPB-18 (UNI),KUPB,TRUE,TRUE,TRUE,TRUE
1018,KUPB-HD-18 (UNI),KUPBHD,TRUE,TRUE,TRUE,TRUE
38,KUQI-38 (FOX),KUQI,TRUE,TRUE,TRUE,TRUE
1038,KUQI-HD-38 (FOX),KUQIHD,TRUE,TRUE,TRUE,TRUE
9,KUSI-51 (IND),KUSI,TRUE,TRUE,TRUE,TRUE
1009,KUSI-HD-51 (IND),KUSIHD,TRUE,TRUE,TRUE,TRUE
45,KUVI-45 (MY NETWORK TV),KUVI,TRUE,TRUE,TRUE,TRUE
1045,KUVI-HD-45 (MY NETWORK TV),KUVIHD,TRUE,TRUE,TRUE,TRUE
34,KUVM-CD-34 (MUNDOFOX),KUVMCD,TRUE,TRUE,TRUE,TRUE
10,KUVN-23 (UNI),KUVN,TRUE,TRUE,TRUE,TRUE
1010,KUVN-HD-23 (UNI),KUVNHD,TRUE,TRUE,TRUE,TRUE
5,KUVS-19 (UNI),KUVS,TRUE,TRUE,TRUE,TRUE
1005,KUVS-HD-19 (UNI),KUVSHD,TRUE,TRUE,TRUE,TRUE
24,KVCR-24 (PBS),KVCR,TRUE,TRUE,TRUE,TRUE
60,KVDA-60 (TEL),KVDA,TRUE,TRUE,TRUE,TRUE
31,KVDF-31 (AZTECA),KVDF,TRUE,TRUE,TRUE,TRUE
52,KVEA-52 (TEL),KVEA,TRUE,TRUE,TRUE,TRUE
1052,KVEA-HD-52 (TEL),KVEAHD,TRUE,TRUE,TRUE,TRUE
7,KVIA-7 (ABC),KVIA,TRUE,TRUE,TRUE,TRUE
1007,KVIA-HD-7 (ABC),KVIAHD,TRUE,TRUE,TRUE,TRUE
6,KVIE-6 (PBS),KVIE,TRUE,TRUE,TRUE,TRUE
1006,KVIE-HD-6 (PBS),KVIEHD,TRUE,TRUE,TRUE,TRUE
31,KVMD-31 (Ind.),KVMD,TRUE,TRUE,TRUE,TRUE
3,KVME-20 (ME TV),KVME,TRUE,TRUE,TRUE,TRUE
18,KVPT-18 (PBS),KVPT,TRUE,TRUE,TRUE,TRUE
1018,KVPT-HD-18 (PBS),KVPTHD,TRUE,TRUE,TRUE,TRUE
25,KVTN-25 (IND),KVTN,TRUE,TRUE,TRUE,TRUE
3,KVUE-24 (ABC),KVUE,TRUE,TRUE,TRUE,TRUE
1003,KVUE-HD-24 (ABC),KVUEHD,TRUE,TRUE,TRUE,TRUE
12,KWCH-12 (CBS),KWCH,TRUE,TRUE,TRUE,TRUE
1012,KWCH-HD-12 (CBS),KWCHHD,TRUE,TRUE,TRUE,TRUE
9,KWES-9 (NBC),KWES,TRUE,TRUE,TRUE,TRUE
1009,KWES-HD-9 (NBC),KWESHD,TRUE,TRUE,TRUE,TRUE
8,KWEX-8 (UNI),KWEX,TRUE,TRUE,TRUE,TRUE
1008,KWEX-HD-8 (UNI),KWEXHD,TRUE,TRUE,TRUE,TRUE
47,KWHB-47 (LeSEA),KWHB,TRUE,TRUE,TRUE,TRUE
22,KWHY-22 (MUNDOFOX),KWHY,TRUE,TRUE,TRUE,TRUE
1022,KWHY-HD-22 (MUNDOFOX),KWHYHD,TRUE,TRUE,TRUE,TRUE
9,KWTV-9 (CBS),KWTV,TRUE,TRUE,TRUE,TRUE
1009,KWTV-HD-9 (CBS),KWTVHD,TRUE,TRUE,TRUE,TRUE
5,KWWT-30 (THE CW),KWWT,TRUE,TRUE,TRUE,TRUE
4,KXAN-36 (NBC),KXAN,TRUE,TRUE,TRUE,TRUE
1004,KXAN-HD-36 (NBC),KXANHD,TRUE,TRUE,TRUE,TRUE
5,KXAS-5 (NBC),KXAS,TRUE,TRUE,TRUE,TRUE
1005,KXAS-HD-5 (NBC),KXASHD,TRUE,TRUE,TRUE,TRUE
44,KXLA-44 (Ind.),KXLA,TRUE,TRUE,TRUE,TRUE
10,KXLN-45 (UNI),KXLN,TRUE,TRUE,TRUE,TRUE
1010,KXLN-HD-45 (UNI),KXLNHD,TRUE,TRUE,TRUE,TRUE
34,KXNW-34 (MY NETWORK TV),KXNW,TRUE,TRUE,TRUE,TRUE
14,KXPX-CA-14 (RETRO TV),KXPXCA,TRUE,TRUE,TRUE,TRUE
46,KXTQ-46 (TEL),KXTQ,TRUE,TRUE,TRUE,TRUE
1046,KXTQ-HD-46 (TEL),KXTQHD,TRUE,TRUE,TRUE,TRUE
10,KXTV-10 (ABC),KXTV,TRUE,TRUE,TRUE,TRUE
1010,KXTV-HD-10 (ABC),KXTVHD,TRUE,TRUE,TRUE,TRUE
39,KXTX-39 (TEL),KXTX,TRUE,TRUE,TRUE,TRUE
1039,KXTX-HD-39 (TEL),KXTXHD,TRUE,TRUE,TRUE,TRUE
43,KXUN-43 (UNI),KXUN,TRUE,TRUE,TRUE,TRUE
51,KYAZ-51 (AZTECA),KYAZ,TRUE,TRUE,TRUE,TRUE,,,,
64,KYDF-64 (AZTECA),KYDF,TRUE,TRUE,TRUE,TRUE,,,,
3,KYTV-3 (NBC),KYTV,TRUE,TRUE,TRUE,TRUE,,,,
1003,KYTV-HD-3 (NBC),KYTVHD,TRUE,TRUE,TRUE,TRUE,,,,
61,KZJL-61 (ESTRELLA),KZJL,TRUE,TRUE,TRUE,TRUE,,,,
42,KZKC-42 (AZTECA),KZKC,TRUE,TRUE,TRUE,TRUE,,,,
15,KZSD-41 (AZTECA),KZSD,TRUE,TRUE,TRUE,TRUE,,,,
27,KZSW-27 (IND),KZSW,TRUE,TRUE,TRUE,TRUE,,,,
10,KZTV-10 (CBS),KZTV,TRUE,TRUE,TRUE,TRUE,,,,
1010,KZTV-HD-10 (CBS),KZTVHD,TRUE,TRUE,TRUE,TRUE,,,,
3056,La Familia Cosmovision,LAFAM,,,,,,TRUE,,
3017,Latele Novela,LN,,,,,,TRUE,,
88,LifeLock,,TRUE,TRUE,TRUE,TRUE,,,,
360,Lifetime,LIFE,TRUE,TRUE,TRUE,,,,,TRUE
361,Lifetime - West,LIFE-W,TRUE,TRUE,TRUE,,,,,
364,Lifetime Real Women,LRW,TRUE,,,,,,,
1360,Lifetime Television HD,LIFEHD,TRUE,TRUE,TRUE,,
1361,Lifetime Television HD - West,LIFWHD,TRUE,TRUE,TRUE,,
86,Lincoln Reimagined.,APP,TRUE,TRUE,TRUE,TRUE,
362,LMN,LMN,TRUE,TRUE,TRUE,,
1362,LMN HD,LMNHD,TRUE,TRUE,TRUE,,
5380,Local Interest Channel,APP,TRUE,TRUE,TRUE,TRUE,
183,LOGO,LOGO,TRUE,TRUE,TRUE,,
184,LOGO - West,LOGO-W,TRUE,TRUE,TRUE,,
609,Longhorn Network,LHN,TRUE,TRUE,TRUE,,
1609,Longhorn Network HD,LHN HD,TRUE,TRUE,TRUE,,
3643,MBC America,MBC,,,,,TRUE
5123,MC 70s,MC 70S,TRUE,TRUE,TRUE,TRUE,
5122,MC 80s,MC 80S,TRUE,TRUE,TRUE,TRUE,
5121,MC 90s,MC 90S,TRUE,TRUE,TRUE,TRUE,
5118,MC Adult Alternative,MCAALT,TRUE,TRUE,TRUE,,
5116,MC Alternative,MC ALT,TRUE,TRUE,TRUE,,
5137,MC Blues,MCBLUE,TRUE,TRUE,TRUE,TRUE
5117,MC Classic Alternative,MCCLAL,TRUE,TRUE,TRUE,
5131,MC Classic Country,MCCLCT,TRUE,TRUE,TRUE,TRUE
5112,MC Classic Rock,MCCLRK,TRUE,TRUE,TRUE,TRUE
5140,MC Classical Masterpieces,MCCLMP,TRUE,TRUE,TRUE,TRUE
5132,MC Contemporary Christian,MCCHST,TRUE,TRUE,TRUE,TRUE
5104,MC Dance-Electronica,MCDAEI,TRUE,TRUE,TRUE,
5139,MC Easy Listening,MCEASY,TRUE,TRUE,TRUE,TRUE
5110,MC Gospel,MCGOSP,TRUE,TRUE,TRUE,TRUE
5102,MC Hip-Hop and R&B,MCHPRB,TRUE,TRUE,TRUE,TRUE
5106,MC Hip-Hop Classics,MCHHCL,TRUE,TRUE,TRUE,
5101,MC Hit List,MCHITS,TRUE,TRUE,TRUE,TRUE
5136,MC Jazz,MCJAZZ,TRUE,TRUE,TRUE,TRUE
5127,MC Kidz Only!,MCKIDZ,TRUE,TRUE,TRUE,TRUE
5141,MC Light Classical,MCLCCS,TRUE,TRUE,TRUE,TRUE
5115,MC Metal,MCMETL,TRUE,TRUE,TRUE,
5145,MC Mexicana,MCMEXI,TRUE,TRUE,TRUE,TRUE
500,MC Music Choice,,TRUE,TRUE,TRUE,TRUE
5142,MC Musica Urbana,MCURBA,TRUE,TRUE,TRUE,TRUE
5125,MC Party Favorites,MCPRTY,TRUE,TRUE,TRUE,TRUE
5120,MC Pop Hits,MCPHIT,TRUE,TRUE,TRUE,TRUE
5143,MC Pop Latino,MCPOPL,TRUE,TRUE,TRUE,TRUE
5108,MC R&B Classics,MCRBCL,TRUE,TRUE,TRUE,TRUE
5109,MC R&B Soul,MCRBSO,TRUE,TRUE,TRUE,TRUE
5105,MC Rap,MC RAP,TRUE,TRUE,TRUE,
5111,MC Reggae,MCREGA,TRUE,TRUE,TRUE,TRUE
5113,MC Retro Rock,MCRERO,TRUE,TRUE,TRUE,
5114,MC Rock,MCROCK,TRUE,TRUE,TRUE,TRUE
5146,MC Romances,MCROMA,TRUE,TRUE,TRUE,TRUE
5138,MC Singers & Swing,MCSWNG,TRUE,TRUE,TRUE,TRUE
5135,MC Smooth Jazz,MCSMJZ,TRUE,TRUE,TRUE,TRUE
5119,MC Soft Rock,MCSROC,TRUE,TRUE,TRUE,TRUE
5124,MC Solid Gold Oldies,MCGOLD,TRUE,TRUE,TRUE,TRUE,,,
5133,MC Sounds of the Seasons,MCSEAS,TRUE,TRUE,TRUE,TRUE,,,
5134,MC Soundscapes,MCSSCP,TRUE,TRUE,TRUE,TRUE,,,
5126,MC Stage & Screen,MCSTSC,TRUE,TRUE,TRUE,TRUE,,,
5107,MC Throwback Jamz,MCTJAM,TRUE,TRUE,TRUE,TRUE,,,
5129,MC Todays Country,MCTCTY,TRUE,TRUE,TRUE,TRUE,,,
5128,MC Toddler Tunes,MCTOTU,TRUE,TRUE,TRUE,TRUE,,,
5144,MC Tropicales,MCTROP,TRUE,TRUE,TRUE,TRUE,,,
5130,MC True Country,MCTRCT,TRUE,TRUE,TRUE,TRUE,,,
5103,MC University,MCU,TRUE,TRUE,TRUE,,,,
136,Me TV,ME TV,TRUE,TRUE,TRUE,,,,
3008,MEGA TV,MEGATV,,,,,,TRUE,
136,MeTV,METV,TRUE,TRUE,TRUE,TRUE,,,
1116,MGM HD,MGM HD,,,,,,,TRUE
259,Military Channel,MIL,TRUE,TRUE,TRUE,,,,
276,Military History Channel,MHC,TRUE,TRUE,TRUE,,,,
634,MLB Network,MLB,TRUE,TRUE,,,,,,
1634,MLB Network HD,MLB HD,TRUE,TRUE,,,,,,
834,MoreMAX,MORMAX,TRUE,,,,,,,TRUE
835,MoreMAX - West,MORM-W,TRUE,,,,,,,TRUE
1834,MoreMax HD,MMAXHD,TRUE,,,,,,,TRUE
1835,MoreMAX HD - West,MMAXHW,TRUE,,,,,,,TRUE
789,Movie Sponsored Service,,TRUE,TRUE,TRUE,TRUE,,,,
708,MSG (Madison Square Garden),MSG,TRUE,TRUE,TRUE,,,,,
1708,MSG (Madison Square Garden) HD,MSG HD,TRUE,TRUE,TRUE,,,,,
706,MSG Plus,MSG+,TRUE,TRUE,TRUE,,,,,
1706,MSG Plus HD,MSG+HD,TRUE,TRUE,TRUE,,,,,
215,MSNBC,msnbc,TRUE,TRUE,TRUE,,,,,
1215,msnbc HD,mnbcHD,TRUE,TRUE,TRUE,,,,,
502,MTV,MTV,TRUE,TRUE,TRUE,,,,,
503,MTV - West,MTV-W,TRUE,TRUE,TRUE,,,,,
1503,MTV (Music Television) - West HD,MTVWHD,TRUE,TRUE,TRUE,,,,,
1502,MTV (Music Television) HD,MTV HD,TRUE,TRUE,TRUE,,,
3738,MTV ARABIA,MTVA,,,,,TRUE,
509,MTV Hits,MTVH,TRUE,TRUE,,,,
3709,MTV India,MTVIND,,,,,TRUE,
508,MTV Jams,MTVJ,TRUE,TRUE,,,,
504,MTV2,MTV2,TRUE,TRUE,TRUE,,,
505,MTV2 - West,MTV2-W,TRUE,TRUE,TRUE,,,
1504,MTV2 - West HD,MTV2HW,TRUE,TRUE,TRUE,,,
1504,MTV2 HD,MTV2HD,TRUE,TRUE,TRUE,,,
510,mtvU,MTVU,TRUE,TRUE,,,,
3065,Multimedios,MULMED,,,,,,TRUE
3009,mun2,MUN2,TRUE,TRUE,TRUE,,,TRUE
3010,mun2 - West,MUN2-W,TRUE,TRUE,TRUE,,,TRUE
264,NASA TV,NASA,TRUE,TRUE,,,,
3101,Nat Geo Mundo,NGC-MN,,,,,,TRUE
266,Nat Geo WILD,NGW,TRUE,TRUE,TRUE,,,
1266,Nat Geo WILD HD,NGW HD,TRUE,TRUE,TRUE,,,,,
265,National Geographic Channel,NGC,TRUE,TRUE,TRUE,TRUE,,,,
1265,National Geographic Channel HD,NGC HD,TRUE,TRUE,TRUE,TRUE,,,,
2101,NBA League Pass Live Stats Application,,,,,,,,,TRUE
2102,NBA League Pass Stats Central Application,,,,,,,,,TRUE
632,NBA TV,NBA,TRUE,TRUE,,,,,,
1632,NBA TV HD,NBA HD,TRUE,TRUE,,,,,,
640,NBC Sports Network,NBCSPT,TRUE,TRUE,TRUE,,,,,
1640,NBC Sports Network HD,NBCSHD,TRUE,TRUE,TRUE,,,,,
712,New England Sports Network (NESN),NESN,TRUE,TRUE,TRUE,,,,,
1712,New England Sports Network (NESN) HD,NESNHD,TRUE,TRUE,TRUE,,,,,
1711,New England Sports Network (NESN) National HD,NES HD,,,,,,,TRUE,
1201,News HD Multiview,,TRUE,TRUE,TRUE,TRUE,,,,
201,News Multiview,,TRUE,TRUE,TRUE,TRUE,,,,
630,NFL Network,NFLNet,TRUE,TRUE,TRUE,,,,,TRUE
1630,NFL Network HD,NFLHD,TRUE,TRUE,TRUE,,,,TRUE,
1629,NFL RedZone HD,NFL RZ,,,,,,,TRUE,
320,Nick Jr.,NKJR,TRUE,TRUE,TRUE,TRUE,,,,
316,Nick2,NICK2,TRUE,TRUE,TRUE,TRUE,,,,
314,Nickelodeon,NICK,TRUE,TRUE,TRUE,TRUE,,,,
315,Nickelodeon - West,NICK-W,TRUE,TRUE,TRUE,TRUE,,,,
1314,Nickelodeon HD,NICKHD,TRUE,TRUE,TRUE,TRUE,,,,
1315,Nickelodeon HD - West,NCKWHD,TRUE,TRUE,TRUE,TRUE,,,,
318,Nicktoons,NKTN,TRUE,TRUE,TRUE,TRUE,,,,
182,nuvoTV,nuvoTV,TRUE,TRUE,TRUE,,,,,
199,Offers On Demand,,TRUE,TRUE,TRUE,TRUE,,,,
3011,Once Mexico,ONCEMX,,,,,,TRUE,,
680,Outdoor Channel,OUT,TRUE,,,,,,,TRUE
1680,Outdoor Channel HD,OUT HD,TRUE,,,,,,,TRUE
844,OuterMAX,OUTMAX,TRUE,,,,,,,TRUE
1844,OuterMax HD,OMAXHD,TRUE,,,,,,,TRUE
385,Ovation,OVA,TRUE,TRUE,,,,,,
170,OWN: Oprah Winfrey Network,OWN,TRUE,TRUE,TRUE,,,,,
170,OWN: Oprah Winfrey Network - West,OWN-W,TRUE,TRUE,TRUE,,,,,
1170,OWN: Oprah Winfrey Network HD,OWN HD,TRUE,TRUE,TRUE,,,,,
368,Oxygen,OXGN,TRUE,TRUE,TRUE,,,,,
1368,Oxygen HD,OXGNHD,TRUE,TRUE,TRUE,,,,,
1505,Palladia,PLDHD,,,,,,,TRUE,
3001,Paquete Espanol Multiview,,TRUE,TRUE,TRUE,TRUE,,,,
3018,Pasiones,PASIO,,,,,,TRUE,,
337,PBS KIDS Sprout,SPROUT,TRUE,TRUE,,TRUE,,,,
99,PEG Education and Government - Public,,TRUE,TRUE,TRUE,TRUE,,,,
3605,Phoenix InfoNews,PHNEWS,,,,,TRUE,,,
3606,Phoenix North America Chinese Channel,PHNACC,,,,,TRUE,,,
9900,Phone Services,APP,TRUE,TRUE,TRUE,TRUE,,,,
3952,Playboy TV,PLBY,,,,,,,,TRUE
3954,Playboy TV en Espanol,PLBYSI,,,,,,,,TRUE
328,qubo,qubo,TRUE,TRUE,,TRUE,,TRUE,,
420,QVC,QVC,TRUE,TRUE,TRUE,TRUE,,,,
1420,QVC HD,QVC HD,TRUE,TRUE,TRUE,TRUE,,,,
3802,Rai Italia,RAI,,,,,TRUE,,,
799,ReelzChannel,REELZ,TRUE,TRUE,,,,,,
1799,ReelzChannel HD,RELZHD,TRUE,TRUE,,,,,,
916,RetroPlex,RETRO,TRUE,TRUE,,,,,,TRUE
3149,Ritmoson Latino,RITLAT,,,,,,TRUE,,
3883,RTR Planeta,RTR,,,,,TRUE,,,
3662,Saigon Broadcasting Television Network,SBTN,,,,,TRUE,,,
258,Science,SCI,TRUE,TRUE,TRUE,TRUE,,,,
1258,Science HD,SCI HD,TRUE,TRUE,TRUE,TRUE,,,,
424,ShopNBC,SHPNBC,TRUE,TRUE,TRUE,TRUE,,,,
412,Shopping Multiview,APP,TRUE,TRUE,TRUE,TRUE,,,,
1412,Shopping Multiview,APP,TRUE,TRUE,TRUE,TRUE,,,,
1789,SHORTS HD,SHRTHD,,,,,,,TRUE,
852,Showtime,SHO,TRUE,TRUE,,,,,,TRUE
853,Showtime - West,SHO-W,TRUE,TRUE,,,,,,TRUE
860,Showtime Beyond,SHOBYD,TRUE,TRUE,,,,,,TRUE
858,Showtime Extreme,SHOEXT,TRUE,TRUE,,,,,,TRUE
859,Showtime Extreme - West,SHOEXW,TRUE,TRUE,,,,,,TRUE
1858,Showtime Extreme HD,SHOXHD,TRUE,TRUE,,,,,,TRUE
1859,Showtime Extreme HD - West,SHXHDW,TRUE,TRUE,,,,,,TRUE
862,Showtime Family Zone,SHOFAM,TRUE,TRUE,,,,,,TRUE
1852,Showtime HD,SHOHD,TRUE,TRUE,,,,,,TRUE
1853,Showtime HD - West,SHOHDW,TRUE,TRUE,,,,,,TRUE
864,Showtime Next,SHONXT,TRUE,TRUE,,,,,,TRUE
856,Showtime Showcase,SHOCSE,TRUE,TRUE,,,,,,TRUE
857,Showtime Showcase - West,SHOCSW,TRUE,TRUE,,,,,,TRUE
1856,Showtime Showcase HD,SHOCHD,TRUE,TRUE,,,,,,TRUE
1857,Showtime Showcase HD - West,SHCHDW,TRUE,TRUE,,,,,,TRUE
854,Showtime Too,SHO2,TRUE,TRUE,,,,,,TRUE
855,Showtime Too - West,SHO2-W,TRUE,TRUE,,,,,,TRUE
1854,Showtime Too HD,SHO2HD,TRUE,TRUE,,,,,,TRUE
1855,Showtime Too HD - West,SH2HDW,TRUE,TRUE,,,,,,TRUE
866,Showtime Women,SHOWM,TRUE,TRUE,,,,,,TRUE
340,Smile of a Child TV,SMILE,TRUE,TRUE,TRUE,TRUE,,,,
118,Smithsonian Channel,SMTH,TRUE,TRUE,,,,,,
1118,Smithsonian Channel HD,SMTHHD,TRUE,TRUE,,,,,TRUE,
365,SOAPnet,SOAP,TRUE,TRUE,TRUE,,,,,
366,SOAPnet - West,SOAP-W,TRUE,TRUE,TRUE,,,,,
3704,Sony Entertainment Television Asia (SET Asia),SET,,,,,TRUE,,,
1791,Sony Movie Channel,SONYHD,,,,,,,TRUE,
652,Speed Channel,SPEED,TRUE,TRUE,TRUE,,,,,
1652,Speed HD,SPD HD,TRUE,TRUE,TRUE,,,,,
145,Spike TV,SPKE,TRUE,TRUE,TRUE,,,,,
146,Spike TV - West,SPKE-W,TRUE,TRUE,TRUE,,,,,
1146,Spike TV - West HD,SPKWHD,TRUE,TRUE,TRUE,,,,,
1145,Spike TV HD,SPKEHD,TRUE,TRUE,TRUE,,,,,
1601,Sports HD Multiview,,TRUE,TRUE,TRUE,TRUE,,,,
601,Sports Multiview,,TRUE,TRUE,TRUE,TRUE,,,,
642,Sportsman Channel,SPMN,TRUE,,,,,,,TRUE
704,SportsNet New York,SNNY,TRUE,TRUE,TRUE,,,,,
1704,SportsNet New York HD,SNY HD,TRUE,TRUE,TRUE,,,,TRUE,
729,SportSouth,SPTSO,TRUE,TRUE,TRUE,,,,,
1729,SportSouth HD,SPSOHD,TRUE,TRUE,TRUE,,,,TRUE,
735,SportsTime Ohio,STO,TRUE,TRUE,TRUE,,,,,
1735,SportsTime Ohio HD,STO HD,TRUE,TRUE,TRUE,,,,TRUE,
3706,STAR India PLUS,SPLUS,,,,,TRUE,,,
902,Starz,STRZ,TRUE,TRUE,,,,,,TRUE
903,Starz - West,STRZ-W,TRUE,TRUE,,,,,,TRUE
908,Starz Cinema,STRZCN,TRUE,TRUE,,,,,,TRUE
910,Starz Comedy,STRZCM,TRUE,TRUE,,,,,,TRUE
1910,Starz Comedy HD,STZCHD,TRUE,TRUE,,,,,,TRUE
904,Starz Edge,STRZED,TRUE,TRUE,,,,,,TRUE
1904,Starz Edge HD,STZEHD,TRUE,TRUE,,,,,,TRUE
1902,Starz HD,STZHD,TRUE,TRUE,,,,,,TRUE
1903,Starz HD - West,STZHDW,TRUE,TRUE,,,,,,TRUE
906,Starz inBlack,STRZBK,TRUE,TRUE,,,,,,TRUE
912,Starz Kids & Family,STRZKF,TRUE,TRUE,,,,,,TRUE
1912,Starz Kids & Family HD,STZKHD,TRUE,TRUE,,,,,,TRUE
909,Starz Movieplex,MPLEX,TRUE,TRUE,,,,,,
380,Style Network,STYLE,TRUE,TRUE,TRUE,,,,,
381,Style Network - West,STYLEW,TRUE,TRUE,TRUE,,,,,
1380,Style Network HD,STYLEH,TRUE,TRUE,TRUE,,,,,
87,Suave,,TRUE,TRUE,TRUE,TRUE,,,,
722,Sun Sports,SUN,TRUE,TRUE,TRUE,,,,,
1722,Sun Sports HD,SUN HD,TRUE,TRUE,TRUE,,,,TRUE,
798,Sundance Channel,SUND,TRUE,TRUE,TRUE,,,,,
3111,SUR,SUR,,,,,,TRUE,,
501,SWRV,SWRV,TRUE,TRUE,TRUE,TRUE,,,,
1501,SWRV HD,SWRVHD,TRUE,TRUE,TRUE,TRUE,,
151,Syfy,Syfy,TRUE,TRUE,TRUE,,,
152,Syfy - West,Syfy-W,TRUE,TRUE,TRUE,,,
1152,Syfy - West HD,SyFyWH,TRUE,TRUE,TRUE,,,
1151,Syfy HD,SyfyHD,TRUE,TRUE,TRUE,,,
560,TBN,TBN,TRUE,TRUE,TRUE,TRUE,,
3078,TBN Enlace,TBNENL,,,,,,TRUE
1560,TBN HD,TBN HD,TRUE,TRUE,TRUE,TRUE,,
112,TBS,TBS,TRUE,TRUE,TRUE,,,
113,TBS - West,TBS-W,TRUE,TRUE,TRUE,,,
1112,TBS HD,TBS HD,TRUE,TRUE,TRUE,,,
1113,TBS HD - West,TBSHDW,TRUE,TRUE,TRUE,,,
790,TCM,TCM,TRUE,TRUE,TRUE,,,
322,TeenNick,TNCK,TRUE,TRUE,TRUE,TRUE,,
3035,Telefe Internacional,TELINT,,,,,,TRUE
3143,Telehit,TELEHT,,,,,,TRUE
20,Telemiami,TELE,TRUE,TRUE,TRUE,TRUE,,,,
3007,Telemundo,TELMUN,TRUE,TRUE,TRUE,,,TRUE,,
3047,Television Dominicana,TVDOM,,,,,,TRUE,,
3029,Television Espanola,TVESP,,,,,,TRUE,,
565,The Church Channel,TCC,TRUE,TRUE,TRUE,TRUE,,,,
3682,The Filipino Channel,TFC,,,,,TRUE,,,
335,The Hub,HUB,TRUE,TRUE,TRUE,TRUE,,,,
1335,The Hub HD,HUBHD,TRUE,TRUE,TRUE,TRUE,,,,
882,The Movie Channel,TMC,TRUE,TRUE,,,,,,TRUE
883,The Movie Channel - West,TMC-W,TRUE,TRUE,,,,,,TRUE
1883,The Movie Channel (TMC) HD - West,TMCHDW,TRUE,TRUE,,,,,,TRUE
660,The Tennis Channel,TENNIS,TRUE,TRUE,,,,,,
1660,The Tennis Channel HD,TENNHD,TRUE,TRUE,,,,,,
225,The Weather Channel,TWC,TRUE,TRUE,TRUE,TRUE,,,,
1225,The Weather Channel HD,TWC HD,TRUE,TRUE,TRUE,TRUE,,,,
575,The Word Network,WORD,TRUE,TRUE,TRUE,TRUE,,,,
838,ThrillerMAX,THRMAX,TRUE,,,,,,,TRUE
839,ThrillerMAX - West,THRM-W,TRUE,,,,,,,TRUE
1838,ThrillerMax HD,TMAXHD,TRUE,,,,,,,TRUE
1839,ThrillerMAX HD - West,TMAXHW,TRUE,,,,,,,TRUE
777,Time Warner Cable SportsNet,TWCSN,TRUE,TRUE,TRUE,,,,,
778,Time Warner Cable SportsNet Deportes,TWCDEP,TRUE,TRUE,,,,TRUE,,
1778,Time Warner Cable SportsNet Deportes HD,TWCDHD,TRUE,TRUE,,,,TRUE,,
1777,Time Warner Cable SportsNet HD,TWCSHD,TRUE,TRUE,TRUE,,,,TRUE,
250,TLC,TLC,TRUE,TRUE,TRUE,,,,,
251,TLC - West,TLC-W,TRUE,TRUE,TRUE,,,,,
1250,TLC HD,TLC HD,TRUE,TRUE,TRUE,,,,,
191,tlnovelas,TLNOV,,,,,,TRUE,,
1882,TMC HD,TMCHD,TRUE,TRUE,,,,,,TRUE
884,TMC Xtra,TMCXTR,TRUE,TRUE,,,,,,TRUE
885,TMC Xtra - West,TMCXTW,TRUE,TRUE,,,,,,TRUE
1884,TMC Xtra HD,TMCXHD,TRUE,TRUE,,,,,,TRUE
1885,TMC Xtra HD - West,TMCXHW,TRUE,TRUE,,,,,,TRUE
109,TNT - West,TNT-W,TRUE,TRUE,TRUE,,,,,
108,TNT (Turner Network Television),TNT,TRUE,TRUE,TRUE,,,,,
1108,TNT HD,TNTHD,TRUE,TRUE,TRUE,,,,,
1109,TNT HD - West,TNTHDW,TRUE,TRUE,TRUE,,,,,
3142,Tr3s,TR3S,TRUE,TRUE,,,,TRUE,,
507,Tr3s - West,TR3S-W,TRUE,TRUE,,,,TRUE,,
254,Travel Channel,TRVL,TRUE,TRUE,TRUE,,,,,
255,Travel Channel - West,TRVL-W,TRUE,TRUE,TRUE,,,,,
1254,Travel Channel HD,TRVLHD,TRUE,TRUE,TRUE,,,,,
164,truTV,TRU,TRUE,TRUE,TRUE,,,,,
165,truTV - West,TRU-W,TRUE,TRUE,TRUE,,,,,
1164,truTV HD,TRU HD,TRUE,TRUE,TRUE,,,,,
345,Tumblebooks Application,APP,,,,,,,,TRUE
1790,Turner Classic Movies (TCM) HD,TCM HD,TRUE,TRUE,TRUE,,,,,
3703,TV Asia,TVASIA,,,,,TRUE,,,
3032,TV Chile,TVCHLE,,,,,,TRUE,,
3026,TV Colombia,TVCOLO,,,,,,TRUE,,
3680,TV Japan,TV-JPN,,,,,TRUE,,,
138,TV Land,TVLD,TRUE,TRUE,TRUE,,,,,
139,TV Land - West,TVLD-W,TRUE,TRUE,TRUE,,,,,
1139,TV Land - West HD,TVLDWH,TRUE,TRUE,TRUE,,,,,
1138,TV Land HD,TVLDHD,TRUE,TRUE,TRUE,,,,,
157,TV One,TV 1,TRUE,TRUE,TRUE,,,,,
1157,TV One HD,TV1 HD,TRUE,TRUE,TRUE,,,,,
3862,TV Polonia,TVP,,,,,TRUE,,,
3832,TV5MONDE,TV5,,,,,TRUE,,,
3664,TVB-V,TVBV,,,,,TRUE,,,
3638,TVBe,TVBe,,,,,TRUE,,,
670,TVG Network,TVG,TRUE,,,,,,,TRUE
367,tvMall,tvMall,TRUE,TRUE,TRUE,TRUE,,,,
93,U-verse Games Channel,APP,,,,,,,,TRUE
9920,U-verse Message Channel,UMC,TRUE,TRUE,TRUE,TRUE,,
800,U-verse Showcase,UVSHOW,TRUE,TRUE,TRUE,TRUE,,
3005,UniMas,UNIMAS,TRUE,TRUE,TRUE,,,TRUE
17,Union-Tribune TV,U-T TV,TRUE,TRUE,TRUE,TRUE,,
1017,Union-Tribune TV HD,UTTVHD,TRUE,TRUE,TRUE,TRUE,,
1105,Universal HD,UNIHD,TRUE,TRUE,TRUE,,,
3002,Univision,UNIV,TRUE,TRUE,TRUE,,,TRUE
658,Univision Deportes,UNIDEP,TRUE,TRUE,,,,TRUE
1658,Univision Deportes HD,UNIDHD,TRUE,TRUE,,,,TRUE
124,USA Network,USA,TRUE,TRUE,TRUE,,,
125,USA Network - West,USA-W,TRUE,TRUE,TRUE,,,
1125,USA Network - West HD,USAWHD,TRUE,TRUE,TRUE,,,
1124,USA Network HD,USA HD,TRUE,TRUE,TRUE,,,
3049,Utilisima,UTILMA,,,,,,TRUE
3015,V-me,V-ME,,,,,,TRUE
3058,V-me Kids,VMEKDS,,,,,,TRUE
82,Valu TV,ValuTV,TRUE,TRUE,TRUE,TRUE,,
1104,Velocity HD,VELOC,TRUE,TRUE,TRUE,,,
518,VH1,VH1,TRUE,TRUE,TRUE,,,
519,VH1 - West,VH1-W,TRUE,TRUE,TRUE,,,
1519,VH1 - West HD,VH1WHD,TRUE,TRUE,TRUE,,,
520,VH1 Classic,VH1C,TRUE,TRUE,TRUE,,,
521,VH1 Classic - West,VH1C-W,TRUE,TRUE,TRUE,,,
1518,VH1 HD,VH1 HD,TRUE,TRUE,TRUE,,,
522,VH1 Soul,VH1S,TRUE,TRUE,,,,
3132,Viendo Movies,VIENDO,,,,,,TRUE
3690,VivaTV Plus,VIVA,,,,,TRUE,
21,W21AU-21 (MUNDOFOX),W21AU,TRUE,TRUE,TRUE,TRUE,,
32,WAAY-31 (ABC),WAAY,TRUE,TRUE,TRUE,TRUE,,
1032,WAAY-HD-31 (ABC),WAAYHD,TRUE,TRUE,TRUE,TRUE,,
7,WABC-7 (ABC),WABC,TRUE,TRUE,TRUE,TRUE,,
1007,WABC-HD-7 (ABC),WABCHD,TRUE,TRUE,TRUE,TRUE,,
68,WABM-68 (MY NETWORK TV),WABM,TRUE,TRUE,TRUE,TRUE
1068,WABM-HD-68 (MY NETWORK TV),WABMHD,TRUE,TRUE,TRUE,TRUE
57,WACH-57 (FOX),WACH,TRUE,TRUE,TRUE,TRUE
1057,WACH-HD-57 (FOX),WACHHD,TRUE,TRUE,TRUE,TRUE
40,WACX-40 (IND),WACX,TRUE,TRUE,TRUE,TRUE
32,WACY-32 (MY NETWORK TV),WACY,TRUE,TRUE,TRUE,TRUE
1032,WACY-HD-32 (MY NETWORK TV),WACYHD,TRUE,TRUE,TRUE,TRUE
38,WADL-38 (IND),WADL,TRUE,TRUE,TRUE,TRUE
9,WAFB-9 (CBS),WAFB,TRUE,TRUE,TRUE,TRUE
1009,WAFB-HD-9 (CBS),WAFBHD,TRUE,TRUE,TRUE,TRUE
48,WAFF-48 (NBC),WAFF,TRUE,TRUE,TRUE,TRUE
1048,WAFF-HD-48 (NBC),WAFFHD,TRUE,TRUE,TRUE,TRUE
5,WAGA-5 (FOX),WAGA,TRUE,TRUE,TRUE,TRUE
1005,WAGA-HD-5 (FOX),WAGAHD,TRUE,TRUE,TRUE,TRUE
28,WAGV-28 (IND),WAGV,TRUE,TRUE,TRUE,TRUE
10,WALA-10 (FOX),WALA,TRUE,TRUE,TRUE,TRUE
1010,WALA-HD-10 (FOX),WALAHD,TRUE,TRUE,TRUE,TRUE,,
50,WALV-50 (Ind.),WALV,TRUE,TRUE,TRUE,TRUE,,
23,WAMI-69 (UniMas),WAMI,TRUE,TRUE,TRUE,TRUE,,
1023,WAMI-HD-69 (UniMas),WAMIHD,TRUE,TRUE,TRUE,TRUE,,
10,WAND-17 (NBC),WAND,TRUE,TRUE,TRUE,TRUE,,
1010,WAND-HD-17 (NBC),WANDHD,TRUE,TRUE,TRUE,TRUE,,
3013,WAPA America,WAPA,,,,,,TRUE
16,WAPT-16 (ABC),WAPT,TRUE,TRUE,TRUE,TRUE,,
1016,WAPT-HD-16 (ABC),WAPTHD,TRUE,TRUE,TRUE,TRUE,,
49,WAQP-49 (TCT),WAQP,TRUE,TRUE,TRUE,TRUE,,
57,WATC-57 (IND),WATC,TRUE,TRUE,TRUE,TRUE,,
6,WATE-6 (ABC),WATE,TRUE,TRUE,TRUE,TRUE,,
1006,WATE-HD-6 (ABC),WATEHD,TRUE,TRUE,TRUE,TRUE,,
36,WATL-36 (MY NETWORK TV),WATL,TRUE,TRUE,TRUE,TRUE,,
1036,WATL-HD-36 (MY NETWORK TV),WATLHD,TRUE,TRUE,TRUE,TRUE,,
3,WAVE-3 (NBC),WAVE,TRUE,TRUE,TRUE,TRUE,,
1003,WAVE-HD-3 (NBC),WAVEHD,TRUE,TRUE,TRUE,TRUE
30,WAWS-30 (FOX),WAWS,TRUE,TRUE,TRUE,TRUE
1030,WAWS-HD-30 (FOX),WAWSHD,TRUE,TRUE,TRUE,TRUE
64,WAXN-64 (IND),WAXN,TRUE,TRUE,TRUE,TRUE
1064,WAXN-HD-64 (IND),WAXNHD,TRUE,TRUE,TRUE,TRUE
22,WAZS-22 (AZTECA),WAZS,TRUE,TRUE,TRUE,TRUE
2,WBAY-2 (ABC),WBAY,TRUE,TRUE,TRUE,TRUE
1002,WBAY-HD-2 (ABC),WBAYHD,TRUE,TRUE,TRUE,TRUE
2,WBBM-2 (CBS),WBBM,TRUE,TRUE,TRUE,TRUE
1002,WBBM-HD-2 (CBS),WBBMHD,TRUE,TRUE,TRUE,TRUE
68,WBCC-68 (PBS),WBCC,TRUE,TRUE,TRUE,TRUE
26,WBDT-26 (THE CW),WBDT,TRUE,TRUE,TRUE,TRUE
1026,WBDT-HD-26 (THE CW),WBDTHD,TRUE,TRUE,TRUE,TRUE
63,WBEC-63 (IND),WBEC,TRUE,TRUE,TRUE,TRUE
33,WBFS-33 (MY NETWORK TV),WBFS,TRUE,TRUE,TRUE,TRUE
1033,WBFS-HD-33 (MY NETWORK TV),WBFSHD,TRUE,TRUE,TRUE,TRUE
10,WBIQ-10 (PBS),WBIQ,TRUE,TRUE,TRUE,TRUE
1010,WBIQ-HD-10 (PBS),WBIQHD,TRUE,TRUE,TRUE,TRUE
10,WBIR-10 (NBC),WBIR,TRUE,TRUE,TRUE,TRUE
1010,WBIR-HD-10 (NBC),WBIRHD,TRUE,TRUE,TRUE,TRUE
28,WBKI-CA-28 (THE CW),WBKI,TRUE,TRUE,TRUE,TRUE
1028,WBKI-CA-HD 28 (THE CW),WBKIHD,TRUE,TRUE,TRUE,TRUE
19,WBME-CA-41 (MeTV),WBMECA,TRUE,TRUE,TRUE,TRUE
21,WBNA-21 (ION),WBNA,TRUE,TRUE,TRUE,TRUE
57,WBND-57 (ABC),WBND,TRUE,TRUE,TRUE,TRUE
1057,WBND-HD-57 (ABC),WBNDHD,TRUE,TRUE,TRUE,TRUE
10,WBNS-10 (CBS),WBNS,TRUE,TRUE,TRUE,TRUE
1010,WBNS-HD-10 (CBS),WBNSHD,TRUE,TRUE,TRUE,TRUE
7,WBNX-55 (THE CW),WBNX,TRUE,TRUE,TRUE,TRUE
1007,WBNX-HD-55 (THE CW),WBNXHD,TRUE,TRUE,TRUE,TRUE
6,WBRC-6 (FOX),WBRC,TRUE,TRUE,TRUE,TRUE
1006,WBRC-HD-6 (FOX),WBRCHD,TRUE,TRUE,TRUE,TRUE
21,WBRL-21 (THE CW),WBRL,TRUE,TRUE,TRUE,TRUE
1021,WBRL-HD-21 (THE CW),WBRLHD,TRUE,TRUE,TRUE,TRUE
5,WBRZ-2 (ABC),WBRZ,TRUE,TRUE,TRUE,TRUE
1005,WBRZ-HD-2 (ABC),WBRZHD,TRUE,TRUE,TRUE,TRUE
46,WBSF-30 (THE CW),WBSF,TRUE,TRUE,TRUE,TRUE
1046,WBSF-HD-30 (THE CW),WBSFHD,TRUE,TRUE,TRUE,TRUE
3,WBTV-3 (CBS),WBTV,TRUE,TRUE,TRUE,TRUE
1003,WBTV-HD-3 (CBS),WBTVHD,TRUE,TRUE,TRUE,TRUE
23,WBUI-23 (THE CW),WBUI,TRUE,TRUE,TRUE,TRUE
1023,WBUI-HD-23 (THE CW),WBUIHD,TRUE,TRUE,TRUE,TRUE
57,WBUW-55 (THE CW),WBUW,TRUE,TRUE,TRUE,TRUE
1057,WBUW-HD-57 (THE CW),WBUWHD,TRUE,TRUE,TRUE,TRUE
40,WBUY-40 (TBN),WBUY,TRUE,TRUE,TRUE,TRUE
39,WBXH-39 (MY NETWORK TV),WBXH,TRUE,TRUE,TRUE,TRUE
1039,WBXH-HD-39 (MY NETWORK TV),WBXHHD,TRUE,TRUE,TRUE,TRUE
20,WBXX-20 (THE CW),WBXX,TRUE,TRUE,TRUE,TRUE
1020,WBXX-HD-20 (THE CW),WBXXHD,TRUE,TRUE,TRUE,TRUE
2,WCBD-2 (NBC),WCBD,TRUE,TRUE,TRUE,TRUE
1002,WCBD-HD-2 (NBC),WCBDHD,TRUE,TRUE,TRUE,TRUE
2,WCBS-2 (CBS),WCBS,TRUE,TRUE,TRUE,TRUE
1002,WCBS-HD-2 (CBS),WCBSHD,TRUE,TRUE,TRUE,TRUE
1012,WCBS-HD2-2 (CBS),WCBSH2,TRUE,TRUE,TRUE,TRUE
18,WCCB-18 (FOX),WCCB,TRUE,TRUE,TRUE,TRUE
1018,WCCB-HD-18 (FOX),WCCBHD,TRUE,TRUE,TRUE,TRUE
11,WCCT-20 (THE CW),WCCT,TRUE,TRUE,TRUE,TRUE
1011,WCCT-HD-20 (THE CW),WCCTHD,TRUE,TRUE,TRUE,TRUE
26,WCCU-26 (FOX),WCCU,TRUE,TRUE,TRUE,TRUE
1026,WCCU-HD-26 (FOX),WCCUHD,TRUE,TRUE,TRUE,TRUE
33,WCFT-33 (ABC),WCFT,TRUE,TRUE,TRUE,TRUE
1033,WCFT-HD-33 (ABC),WCFTHD,TRUE,TRUE,TRUE,TRUE
24,WCGV-24 (MY NETWORK TV),WCGV,TRUE,TRUE,TRUE,TRUE
1024,WCGV-HD-24 (MY NETWORK TV),WCGVHD,TRUE,TRUE,TRUE,TRUE
61,WCHU-61 (AZTECA),WCHU,TRUE,TRUE,TRUE,TRUE
3,WCIA-3 (CBS),WCIA,TRUE,TRUE,TRUE,TRUE
1003,WCIA-HD-3 (CBS),WCIAHD,TRUE,TRUE,TRUE,TRUE
10,WCIU-26 (Ind.),WCIU,TRUE,TRUE,TRUE,TRUE
1010,WCIU-HD-26 (Ind.),WCIUHD,TRUE,TRUE,TRUE,TRUE
4,WCIV-4 (ABC),WCIV,TRUE,TRUE,TRUE,TRUE
1004,WCIV-HD-4 (ABC),WCIVHD,TRUE,TRUE,TRUE,TRUE
49,WCIX-49 (MY NETWORK TV),WCIX,TRUE,TRUE,TRUE,TRUE
42,WCLJ-42 (TBN),WCLJ,TRUE,TRUE,TRUE,TRUE
4,WCMH-4 (NBC),WCMH,TRUE,TRUE,TRUE,TRUE
1004,WCMH-HD-4 (NBC),WCMHHD,TRUE,TRUE,TRUE,TRUE
14,WCMU-14 (PBS),WCMU,TRUE,TRUE,TRUE,TRUE
1014,WCMU-HD-14 (PBS),WCMUHD,TRUE,TRUE,TRUE,TRUE
28,WCMZ-28 (PBS),WCMZ,TRUE,TRUE,TRUE,TRUE
1028,WCMZ-HD-28 (PBS),WCMZHD,TRUE,TRUE,TRUE,TRUE
36,WCNC-36 (NBC),WCNC,TRUE,TRUE,TRUE,TRUE
1036,WCNC-HD-36 (NBC),WCNCHD,TRUE,TRUE,TRUE,TRUE
38,WCPX-38 (ION),WCPX,TRUE,TRUE,TRUE,TRUE
1038,WCPX-HD-38 (ION),WCPXHD,TRUE,TRUE,TRUE,TRUE
5,WCSC-5 (CBS),WCSC,TRUE,TRUE,TRUE,TRUE
1005,WCSC-HD-5 (CBS),WCSCHD,TRUE,TRUE,TRUE,TRUE
9,WCTX-59 (MY NETWORK TV),WCTX,TRUE,TRUE,TRUE,TRUE
1009,WCTX-HD-59 (MY NETWORK TV),WCTXHD,TRUE,TRUE,TRUE,TRUE
14,WCWF-14 (THE CW),WCWF,TRUE,TRUE,TRUE,TRUE
1014,WCWF-HD-14 (THE CW),WCWFHD,TRUE,TRUE,TRUE,TRUE
20,WCWG-20 (THE CW),WCWG,TRUE,TRUE,TRUE,TRUE
1020,WCWG-HD-20 (THE CW),WCWGHD,TRUE,TRUE,TRUE,TRUE
17,WCWJ-17 (THE CW),WCWJ,TRUE,TRUE,TRUE,TRUE
1017,WCWJ-HD-17 (THE CW),WCWJHD,TRUE,TRUE,TRUE,TRUE
25,WCWW-25 (THE CW),WCWW,TRUE,TRUE,TRUE,TRUE
1025,WCWW-HD-25 (THE CW),WCWWHD,TRUE,TRUE,TRUE,TRUE
4,WDAF-4 (FOX),WDAF,TRUE,TRUE,TRUE,TRUE
1004,WDAF-HD-4 (FOX),WDAFHD,TRUE,TRUE,TRUE,TRUE
40,WDBD-40 (FOX),WDBD,TRUE,TRUE,TRUE,TRUE
1040,WDBD-HD-40 (FOX),WDBDHD,TRUE,TRUE,TRUE,TRUE
35,WDCQ-35 (PBS),WDCQ,TRUE,TRUE,TRUE,TRUE
1035,WDCQ-HD-35 (PBS),WDCQHD,TRUE,TRUE,TRUE,TRUE
12,WDEF-12 (CBS),WDEF,TRUE,TRUE,TRUE,TRUE
1012,WDEF-HD-12 (CBS),WDEFHD,TRUE,TRUE,TRUE,TRUE
4,WDIV-4 (NBC),WDIV,TRUE,TRUE,TRUE,TRUE
1004,WDIV-HD-4 (NBC),WDIVHD,TRUE,TRUE,TRUE,TRUE
5,WDJT-58 (CBS),WDJT,TRUE,TRUE,TRUE,TRUE
1005,WDJT-HD-58 (CBS),WDJTHD,TRUE,TRUE,TRUE,TRUE
17,WDLI-17 (TBN),WDLI,TRUE,TRUE,TRUE,TRUE
19,WDNI-LP-19 (TEL),WDNILP,TRUE,TRUE,TRUE,TRUE
41,WDRB-41 (FOX),WDRB,TRUE,TRUE,TRUE,TRUE
1041,WDRB-HD-41 (FOX),WDRBHD,TRUE,TRUE,TRUE,TRUE
15,WDSC-15 (ETV),WDSC,TRUE,TRUE,TRUE,TRUE
1015,WDSC-HD-15 (ETV),WDSCHD,TRUE,TRUE,TRUE,TRUE
11,WDSI-61 (FOX),WDSI,TRUE,TRUE,TRUE,TRUE
1011,WDSI-HD-61 (FOX),WDSIHD,TRUE,TRUE,TRUE,TRUE
6,WDSU-6 (NBC),WDSU,TRUE,TRUE,TRUE,TRUE
6,WDSU-6BI (NBC),WDSUBI,TRUE,TRUE,TRUE,TRUE
1006,WDSU-HD-6 (NBC),WDSUHD,TRUE,TRUE,TRUE,TRUE
1006,WDSU-HD-6BI (NBC),WDSUBH,TRUE,TRUE,TRUE,TRUE
2,WDTN-2 (NBC),WDTN,TRUE,TRUE,TRUE,TRUE
1002,WDTN-HD-2 (NBC),WDTNHD,TRUE,TRUE,TRUE,TRUE
372,WE,WE,TRUE,TRUE,TRUE,
373,WE - West,WE-W,TRUE,TRUE,TRUE,
470,Wealth TV,WEALTH,TRUE,TRUE,TRUE,
1470,Wealth TV HD,WLTHHD,TRUE,TRUE,TRUE,
49,WEAO-49 (PBS),WEAO,TRUE,TRUE,TRUE,TRUE
3,WEAR-3 (ABC),WEAR,TRUE,TRUE,TRUE,TRUE
1003,WEAR-HD-3 (ABC),WEARHD,TRUE,TRUE,TRUE,TRUE
227,Weather On Demand MPF,,TRUE,TRUE,TRUE,TRUE
24,WEDH-24 (PBS),WEDH,TRUE,TRUE,TRUE,TRUE
1024,WEDH-HD-24 (PBS),WEDHHD,TRUE,TRUE,TRUE,TRUE
49,WEDW-49 (PBS),WEDW,TRUE,TRUE,TRUE,TRUE
42,WEIQ-42 (PBS),WEIQ,TRUE,TRUE,TRUE,TRUE
1042,WEIQ-HD-42 (PBS),WEIQHD,TRUE,TRUE,TRUE,TRUE
23,WELF-23 (TBN),WELF,TRUE,TRUE,TRUE,TRUE
2,WESH-2 (NBC),WESH,TRUE,TRUE,TRUE,TRUE
1002,WESH-HD-2 (NBC),WESHHD,TRUE,TRUE,TRUE,TRUE
2,WETP-2 (PBS),WETP,TRUE,TRUE,TRUE,TRUE
1002,WETP-HD-2 (PBS),WETPHD,TRUE,TRUE,TRUE,TRUE
5,WEWS-5 (ABC),WEWS,TRUE,TRUE,TRUE,TRUE
1005,WEWS-HD-5 (ABC),WEWSHD,TRUE,TRUE,TRUE,TRUE
25,WEYI-25 (NBC),WEYI,TRUE,TRUE,TRUE,TRUE
1025,WEYI-HD-25 (NBC),WEYIHD,TRUE,TRUE,TRUE,TRUE
19,WEYW-LP-19 (RTN),WEYWLP,TRUE,TRUE,TRUE,TRUE
8,WFAA-8 (ABC),WFAA,TRUE,TRUE,TRUE,TRUE
1008,WFAA-HD-8 (ABC),WFAAHD,TRUE,TRUE,TRUE,TRUE
48,WFBD-48 (IND),WFBD,TRUE,TRUE,TRUE,TRUE
61,WFGC-61 (Religious),WFGC,TRUE,TRUE,TRUE,TRUE
35,WFGX-35 (MY NETWORK TV),WFGX,TRUE,TRUE,TRUE,TRUE
1035,WFGX-HD-35 (MY NETWORK TV),WFGXHD,TRUE,TRUE,TRUE,TRUE
12,WFLD-32 (Fox),WFLD,TRUE,TRUE,TRUE,TRUE
1012,WFLD-HD-32 (Fox),WFLDHD,TRUE,TRUE,TRUE,TRUE
6,WFLI-53 (THE CW),WFLI,TRUE,TRUE,TRUE,TRUE
1006,WFLI-HD-53 (THE CW),WFLIHD,TRUE,TRUE,TRUE,TRUE
29,WFLX-29 (FOX),WFLX,TRUE,TRUE,TRUE,TRUE
1029,WFLX-HD-29 (FOX),WFLXHD,TRUE,TRUE,TRUE,TRUE
66,WFME-66 (IND),WFME,TRUE,TRUE,TRUE,TRUE
2,WFMY-2 (CBS),WFMY,TRUE,TRUE,TRUE,TRUE
1002,WFMY-HD-2 (CBS),WFMYHD,TRUE,TRUE,TRUE,TRUE
12,WFNA-55 (THE CW),WFNA,TRUE,TRUE,TRUE,TRUE
1012,WFNA-HD-55 (THE CW),WFNAHD,TRUE,TRUE,TRUE,TRUE
3,WFOR-4 (CBS),WFOR,TRUE,TRUE,TRUE,TRUE
4,WFOR-4 (CBS),WFOR,TRUE,TRUE,TRUE,TRUE
1003,WFOR-HD-4 (CBS),WFORHD,TRUE,TRUE,TRUE,TRUE
1004,WFOR-HD-4 (CBS),WFORHD,TRUE,TRUE,TRUE,TRUE
5,WFRV-5 (CBS),WFRV,TRUE,TRUE,TRUE,TRUE
1005,WFRV-HD-5 (CBS),WFRVHD,TRUE,TRUE,TRUE,TRUE
3,WFSB-3 (CBS),WFSB,TRUE,TRUE,TRUE,TRUE
1003,WFSB-HD-3 (CBS),WFSBHD,TRUE,TRUE,TRUE,TRUE
9,WFTV-9 (ABC),WFTV,TRUE,TRUE,TRUE,TRUE
1009,WFTV-HD-9 (ABC),WFTVHD,TRUE,TRUE,TRUE,TRUE
48,WFUN-LD-48 (IND),WFUNLD,TRUE,TRUE,TRUE,TRUE
68,WFUT-68 (UniMas),WFUT,TRUE,TRUE,TRUE,TRUE
1068,WFUT-HD-68 (UniMas),WFUTHD,TRUE,TRUE,TRUE,TRUE
20,WFYI-20 (PBS),WFYI,TRUE,TRUE,TRUE,TRUE
1020,WFYI-HD-20 (PBS),WFYIHD,TRUE,TRUE,TRUE,TRUE
26,WGBA-26 (NBC),WGBA,TRUE,TRUE,TRUE,TRUE
1026,WGBA-HD-26 (NBC),WGBAHD,TRUE,TRUE,TRUE,TRUE
6,WGBO-66 (UNI),WGBO,TRUE,TRUE,TRUE,TRUE
1006,WGBO-HD-66 (UNI),WGBOHD,TRUE,TRUE,TRUE,TRUE
46,WGCL-46 (CBS),WGCL,TRUE,TRUE,TRUE,TRUE
1046,WGCL-HD-46 (CBS),WGCLHD,TRUE,TRUE,TRUE,TRUE
8,WGEN-8 (MUNDOFOX),WGEN,TRUE,TRUE,TRUE,TRUE
16,WGGS-16 (TBN),WGGS,TRUE,TRUE,TRUE,TRUE
8,WGHP-8 (FOX),WGHP,TRUE,TRUE,TRUE,TRUE
1008,WGHP-HD-8 (FOX),WGHPHD,TRUE,TRUE,TRUE,TRUE
44,WGMB-44 (FOX),WGMB,TRUE,TRUE,TRUE,TRUE
1044,WGMB-HD-44 (FOX),WGMBHD,TRUE,TRUE,TRUE,TRUE
180,WGN America,WGN,TRUE,TRUE,TRUE,
1180,WGN America HD,WGN HD,TRUE,TRUE,TRUE,
9,WGN-9 (THE CW),WGN9,TRUE,TRUE,TRUE,TRUE
1009,WGN-HD-9 (THE CW),WGN9HD,TRUE,TRUE,TRUE,TRUE
11,WGNO-26 (ABC),WGNO,TRUE,TRUE,TRUE,TRUE
1011,WGNO-HD-26 (ABC),WGNOHD,TRUE,TRUE,TRUE,TRUE
16,WGPX-16 (ION),WGPX,TRUE,TRUE,TRUE,TRUE
47,WGSR-LD-47 (IND),WGSRLD,TRUE,TRUE,TRUE,TRUE
30,WGTE-30 (PBS),WGTE,TRUE,TRUE,TRUE,TRUE
1030,WGTE-HD-30 (PBS),WGTEHD,TRUE,TRUE,TRUE,TRUE
8,WGTV-8 (PBS),WGTV,TRUE,TRUE,TRUE,TRUE
1008,WGTV-HD-8 (PBS),WGTVHD,TRUE,TRUE,TRUE,TRUE
35,WGVU-35 (PBS),WGVU,TRUE,TRUE,TRUE,TRUE
1035,WGVU-HD-35 (PBS),WGVUHD,TRUE,TRUE,TRUE,TRUE
21,WHA-21 (PBS),WHA,TRUE,TRUE,TRUE,TRUE
1021,WHA-HD-21 (PBS),WHAHD,TRUE,TRUE,TRUE,TRUE
11,WHAS-11 (ABC),WHAS,TRUE,TRUE,TRUE,TRUE
1011,WHAS-HD-11 (ABC),WHASHD,TRUE,TRUE,TRUE,TRUE
9925,Whats On Now Multiview,,,,,
13,WHBQ-13 (FOX),WHBQ,TRUE,TRUE,TRUE,TRUE
1013,WHBQ-HD-13 (FOX),WHBQHD,TRUE,TRUE,TRUE,TRUE
33,WHBR-33 (IND),WHBR,TRUE,TRUE,TRUE,TRUE
15,WHDF-15 (THE CW),WHDF,TRUE,TRUE,TRUE,TRUE
1015,WHDF-HD-15 (THE CW),WHDFHD,TRUE,TRUE,TRUE,TRUE
44,WHDT-44 (IND),WHDT,TRUE,TRUE,TRUE,TRUE
1044,WHDT-HD 44 (IND),WHDTHD,TRUE,TRUE,TRUE,TRUE
45,WHFT-45 (TBN),WHFT,TRUE,TRUE,TRUE,TRUE
7,WHIO-7 (CBS),WHIO,TRUE,TRUE,TRUE,TRUE
1007,WHIO-HD-7 (CBS),WHIOHD,TRUE,TRUE,TRUE,TRUE
25,WHIQ-25 (PBS),WHIQ,TRUE,TRUE,TRUE,TRUE
1025,WHIQ-HD-25 (PBS),WHIQHD,TRUE,TRUE,TRUE,TRUE
52,WHLV-52 (TBN),WHLV,TRUE,TRUE,TRUE,TRUE
40,WHMB-40 (Ind.),WHMB,TRUE,TRUE,TRUE,TRUE
46,WHME-46 (IND),WHME,TRUE,TRUE,TRUE,TRUE
20,WHNO-20 (IND),WHNO,TRUE,TRUE,TRUE,TRUE
21,WHNS-21 (FOX),WHNS,TRUE,TRUE,TRUE,TRUE
1021,WHNS-HD-21 (FOX),WHNSHD,TRUE,TRUE,TRUE,TRUE
19,WHNT-19 (CBS),WHNT,TRUE,TRUE,TRUE,TRUE
1019,WHNT-HD-19 (CBS),WHNTHD,TRUE,TRUE,TRUE,TRUE
26,WHPX-26 (ION),WHPX,TRUE,TRUE,TRUE,TRUE
1026,WHPX-HD-26 (ION),WHPXHD,TRUE,TRUE,TRUE,TRUE
63,WHSG-63 (TBN),WHSG,TRUE,TRUE,TRUE,TRUE
8,WHTV-18 (MY NETWORK TV),WHTV,TRUE,TRUE,TRUE,TRUE
1008,WHTV-HD-18 (MY NETWORK TV),WHTVHD,TRUE,TRUE,TRUE,TRUE
42,WIAT-42 (CBS),WIAT,TRUE,TRUE,TRUE,TRUE
1042,WIAT-HD-42 (CBS),WIATHD,TRUE,TRUE,TRUE,TRUE
13,WIBW-13 (CBS),WIBW,TRUE,TRUE,TRUE,TRUE
1013,WIBW-HD-13 (CBS),WIBWHD,TRUE,TRUE,TRUE,TRUE
41,WICD-41 (ABC),WICD,TRUE,TRUE,TRUE,TRUE
1041,WICD-HD-41 (ABC),WICDHD,TRUE,TRUE,TRUE,TRUE
20,WICS-20 (ABC),WICS,TRUE,TRUE,TRUE,TRUE
1020,WICS-HD-20 (ABC),WICSHD,TRUE,TRUE,TRUE,TRUE
12,WILL-12 (PBS),WILL,TRUE,TRUE,TRUE,TRUE
1012,WILL-HD-12 (PBS),WILLHD,TRUE,TRUE,TRUE,TRUE
10,WILX-10 (NBC),WILX,TRUE,TRUE,TRUE,TRUE
1010,WILX-HD-10 (NBC),WILXHD,TRUE,TRUE,TRUE,TRUE
63,WIPX-63 (ION),WIPX,TRUE,TRUE,TRUE,TRUE
1063,WIPX-HD-63 (ION),WIPXHD,TRUE,TRUE,TRUE,TRUE
10,WIS-10 (NBC),WIS,TRUE,TRUE,TRUE,TRUE
1010,WIS-HD-10 (NBC),WISHD,TRUE,TRUE,TRUE,TRUE
3,WISC-3 (CBS),WISC,TRUE,TRUE,TRUE,TRUE
1003,WISC-HD-3 (CBS),WISCHD,TRUE,TRUE,TRUE,TRUE
8,WISH-8 (CBS),WISH,TRUE,TRUE,TRUE,TRUE
1008,WISH-HD-8 (CBS),WISHHD,TRUE,TRUE,TRUE,TRUE
12,WISN-12 (ABC),WISN,TRUE,TRUE,TRUE,TRUE
1012,WISN-HD-12 (ABC),WISNHD,TRUE,TRUE,TRUE,TRUE
6,WITI-6 (FOX),WITI,TRUE,TRUE,TRUE,TRUE
1006,WITI-HD-6 (FOX),WITIHD,TRUE,TRUE,TRUE,TRUE
7,WITV-7 (PBS),WITV,TRUE,TRUE,TRUE,TRUE
1007,WITV-HD-7 (PBS),WITVHD,TRUE,TRUE,TRUE,TRUE
41,WJAN-CD (IND),WJAN,TRUE,TRUE,TRUE,TRUE
2,WJBK-2 (FOX),WJBK,TRUE,TRUE,TRUE,TRUE
1002,WJBK-HD-2 (FOX),WJBKHD,TRUE,TRUE,TRUE,TRUE
7,WJCT-7 (PBS),WJCT,TRUE,TRUE,TRUE,TRUE
1007,WJCT-HD-7 (PBS),WJCTHD,TRUE,TRUE,TRUE,TRUE
59,WJEB-59 (TBN),WJEB,TRUE,TRUE,TRUE,TRUE
66,WJFB-66 (IND),WJFB,TRUE,TRUE,TRUE,TRUE
42,WJNI-42 (AMERICA ONE),WJNI,TRUE,TRUE,TRUE,TRUE
12,WJRT-12 (ABC),WJRT,TRUE,TRUE,TRUE,TRUE
1012,WJRT-HD-12 (ABC),WJRTHD,TRUE,TRUE,TRUE,TRUE
44,WJTC-44 (IND),WJTC,TRUE,TRUE,TRUE,TRUE
1044,WJTC-HD-44 (IND),WJTCHD,TRUE,TRUE,TRUE,TRUE
12,WJTV-12 (CBS),WJTV,TRUE,TRUE,TRUE,TRUE
1012,WJTV-HD-12 (CBS),WJTVHD,TRUE,TRUE,TRUE,TRUE
8,WJW-8 (FOX),WJW,TRUE,TRUE,TRUE,TRUE
1008,WJW-HD-8 (FOX),WJWHD,TRUE,TRUE,TRUE,TRUE
24,WJXS-CA-24 (FamilyNet),WJXSCA,TRUE,TRUE,TRUE,TRUE
4,WJXT-4 (IND),WJXT,TRUE,TRUE,TRUE,TRUE
1004,WJXT-HD-4 (Ind),WJXTHD,TRUE,TRUE,TRUE,TRUE
25,WJXX-25 (ABC),WJXX,TRUE,TRUE,TRUE,TRUE
1025,WJXX-HD-25 (ABC),WJXXHD,TRUE,TRUE,TRUE,TRUE
62,WJYS-62 (Ind.),WJYS,TRUE,TRUE,TRUE,TRUE
46,WJZY-46 (THE CW),WJZY,TRUE,TRUE,TRUE,TRUE
1046,WJZY-HD-46 (THE CW),WJZYHD,TRUE,TRUE,TRUE,TRUE
23,WKAR-23 (PBS),WKAR,TRUE,TRUE,TRUE,TRUE
1023,WKAR-HD-23 (PBS),WKARHD,TRUE,TRUE,TRUE,TRUE
50,WKBD-50 (THE CW),WKBD,TRUE,TRUE,TRUE,TRUE
1050,WKBD-HD-50 (THE CW),WKBDHD,TRUE,TRUE,TRUE,TRUE
18,WKCF-18 (THE CW),WKCF,TRUE,TRUE,TRUE,TRUE
1018,WKCF-HD-18 (THE CW),WKCFHD,TRUE,TRUE,TRUE,TRUE
22,WKEF-22 (ABC),WKEF,TRUE,TRUE,TRUE,TRUE
1022,WKEF-HD-22 (ABC),WKEFHD,TRUE,TRUE,TRUE,TRUE
7,WKFK-LD-7 (IND),WKFKLD,TRUE,TRUE,TRUE,TRUE
6,WKMG-6 (CBS),WKMG,TRUE,TRUE,TRUE,TRUE
1006,WKMG-HD-6 (CBS),WKMGHD,TRUE,TRUE,TRUE,TRUE
10,WKNO-10 (PBS),WKNO,TRUE,TRUE,TRUE,TRUE
1010,WKNO-HD-10 (PBS),WKNOHD,TRUE,TRUE,TRUE,TRUE
43,WKOI-43 (TBN),WKOI,TRUE,TRUE,TRUE,TRUE
15,WKOP-15 (PBS),WKOP,TRUE,TRUE,TRUE,TRUE
1015,WKOP-HD-15 (PBS),WKOPHD,TRUE,TRUE,TRUE,TRUE
27,WKOW-27 (ABC),WKOW,TRUE,TRUE,TRUE,TRUE
1027,WKOW-HD-27 (ABC),WKOWHD,TRUE,TRUE,TRUE,TRUE
15,WKPC-15 (PBS),WKPC,TRUE,TRUE,TRUE,TRUE
1015,WKPC-HD-15 (PBS),WKPCHD,TRUE,TRUE,TRUE,TRUE
5,WKRG-5 (CBS),WKRG,TRUE,TRUE,TRUE,TRUE
1005,WKRG-HD-5 (CBS),WKRGHD,TRUE,TRUE,TRUE,TRUE
2,WKRN-2 (ABC),WKRN,TRUE,TRUE,TRUE,TRUE
1002,WKRN-HD-2 (ABC),WKRNHD,TRUE,TRUE,TRUE,TRUE
18,WKTB-LD-47 (TEL),WKTBLD,TRUE,TRUE,TRUE,TRUE
1018,WKTB-LD-HD-47 (TEL),WKTBLH,TRUE,TRUE,TRUE,TRUE
63,WKTC-63 (MY NETWORK TV),WKTC,TRUE,TRUE,TRUE,TRUE
1063,WKTC-HD-63 (MY NETWORK TV),WKTCHD,TRUE,TRUE,TRUE,TRUE
3,WKYC-3 (NBC),WKYC,TRUE,TRUE,TRUE,TRUE
1003,WKYC-HD-3 (NBC),WKYCHD,TRUE,TRUE,TRUE,TRUE
24,WKYI-CD-24 (IND),WKYICD,TRUE,TRUE,TRUE,TRUE
32,WLAE-32 (PBS),WLAE,TRUE,TRUE,TRUE,TRUE
1032,WLAE-HD-32 (PBS),WLAEHD,TRUE,TRUE,TRUE,TRUE
53,WLAJ-53 (ABC),WLAJ,TRUE,TRUE,TRUE,TRUE
1053,WLAJ-HD-53 (ABC),WLAJHD,TRUE,TRUE,TRUE,TRUE
3,WLBT-3 (NBC),WLBT,TRUE,TRUE,TRUE,TRUE
1003,WLBT-HD-3 (NBC),WLBTHD,TRUE,TRUE,TRUE,TRUE
45,WLCF-LD-45 (CTN),WLCFLD,TRUE,TRUE,TRUE,TRUE
22,WLFL-22 (THE CW),WLFL,TRUE,TRUE,TRUE,TRUE
1022,WLFL-HD-22 (THE CW),WLFLHD,TRUE,TRUE,TRUE,TRUE
21,WLIW-21 (PBS),WLIW,TRUE,TRUE,TRUE,TRUE
32,WLKY-32 (CBS),WLKY,TRUE,TRUE,TRUE,TRUE
1032,WLKY-HD-32 (CBS),WLKYHD,TRUE,TRUE,TRUE,TRUE
64,WLLA-64 (IND),WLLA,TRUE,TRUE,TRUE,TRUE
42,WLLC-LP-42 (UniMas),WLLCLP,TRUE,TRUE,TRUE,TRUE
40,WLMB-40 (IND),WLMB,TRUE,TRUE,TRUE,TRUE
1040,WLMB-HD-40 (IND),WLMBHD,TRUE,TRUE,TRUE,TRUE
30,WLMT-30 (THE CW),WLMT,TRUE,TRUE,TRUE,TRUE
1030,WLMT-HD-30 (THE CW),WLMTHD,TRUE,TRUE,TRUE,TRUE
6,WLNS-6 (CBS),WLNS,TRUE,TRUE,TRUE,TRUE
1006,WLNS-HD-6 (CBS),WLNSHD,TRUE,TRUE,TRUE,TRUE
13,WLOS-13 (ABC),WLOS,TRUE,TRUE,TRUE,TRUE
1013,WLOS-HD-13 (ABC),WLOSHD,TRUE,TRUE,TRUE,TRUE
13,WLOX-13 (ABC),WLOX,TRUE,TRUE,TRUE,TRUE
3,WLOX-13.2 (CBS),WLOXD2,TRUE,TRUE,TRUE,TRUE
1013,WLOX-HD-13 (ABC),WLOXHD,TRUE,TRUE,TRUE,TRUE
1003,WLOX-HD-13.2 (CBS),WLOXH2,TRUE,TRUE,TRUE,TRUE
27,WLPB-27 (PBS),WLPB,TRUE,TRUE,TRUE,TRUE
1027,WLPB-HD-27 (PBS),WLPBHD,TRUE,TRUE,TRUE,TRUE
17,WLRN-17 (PBS),WLRN,TRUE,TRUE,TRUE,TRUE
1017,WLRN-HD-17 (PBS),WLRNHD,TRUE,TRUE,TRUE,TRUE
7,WLS-7 (ABC),WLS,TRUE,TRUE,TRUE,TRUE
1007,WLS-HD-7 (ABC),WLSHD,TRUE,TRUE,TRUE,TRUE
9,WLTV-23 (UNI),WLTV,TRUE,TRUE,TRUE,TRUE
1009,WLTV-HD-23 (UNI),WLTVHD,TRUE,TRUE,TRUE,TRUE
19,WLTX-19 (CBS),WLTX,TRUE,TRUE,TRUE,TRUE
1019,WLTX-HD-19 (CBS),WLTXHD,TRUE,TRUE,TRUE,TRUE
11,WLUK-11 (Fox),WLUK,TRUE,TRUE,TRUE,TRUE
1011,WLUK-HD-11 (Fox),WLUKHD,TRUE,TRUE,TRUE,TRUE
61,WLXI-61 (TBN),WLXI,TRUE,TRUE,TRUE,TRUE
19,WMAH-19 (PBS),WMAH,TRUE,TRUE,TRUE,TRUE,,,,
1019,WMAH-HD-19 (PBS),WMAHHD,TRUE,TRUE,TRUE,TRUE,,,,
5,WMAQ-5 (NBC),WMAQ,TRUE,TRUE,TRUE,TRUE,,,,
1005,WMAQ-HD-5 (NBC),WMAQHD,TRUE,TRUE,TRUE,TRUE,,,,
842,WMAX,WMAX,TRUE,,,,,,,TRUE
1842,WMAX HD,WMAXHD,TRUE,,,,,,,TRUE
5,WMC-5 (NBC),WMC,TRUE,TRUE,TRUE,TRUE,,,,
1005,WMC-HD-5 (NBC),WMCHD,TRUE,TRUE,TRUE,TRUE,,,,
48,WMEU-48 (Ind.),WMEU,TRUE,TRUE,TRUE,TRUE,,,,
49,WMEU-CA-48 (IND),WMEUCA,TRUE,TRUE,TRUE,TRUE,,,,
8,WMKE-CA-8 (AMERICA ONE),WMKECA,TRUE,TRUE,TRUE,TRUE,,,,
7,WMLW-49 (IND),WMLW,TRUE,TRUE,TRUE,TRUE,,,,
1007,WMLW-HD-49 (IND),WMLWHD,TRUE,TRUE,TRUE,TRUE,,,,
36,WMMP-36 (MY NETWORK TV),WMMP,TRUE,TRUE,TRUE,TRUE,,,,
1036,WMMP-HD-36 (MY NETWORK TV),WMMPHD,TRUE,TRUE,TRUE,TRUE,,,,
10,WMNT-48 (MY NETWORK TV),WMNT,TRUE,TRUE,TRUE,TRUE,,,,
29,WMPN-29 (PBS),WMPN,TRUE,TRUE,TRUE,TRUE
1029,WMPN-HD-29 (PBS),WMPNHD,TRUE,TRUE,TRUE,TRUE
21,WMPV-21 (TBN),WMPV,TRUE,TRUE,TRUE,TRUE
47,WMSN-47 (FOX),WMSN,TRUE,TRUE,TRUE,TRUE
1047,WMSN-HD-47 (FOX),WMSNHD,TRUE,TRUE,TRUE,TRUE
15,WMTV-15 (NBC),WMTV,TRUE,TRUE,TRUE,TRUE
1015,WMTV-HD-15 (NBC),WMTVHD,TRUE,TRUE,TRUE,TRUE
10,WMVS-10 (PBS),WMVS,TRUE,TRUE,TRUE,TRUE
1010,WMVS-HD-10 (PBS),WMVSHD,TRUE,TRUE,TRUE,TRUE
36,WMVT-36 (PBS),WMVT,TRUE,TRUE,TRUE,TRUE
1036,WMVT-HD-36 (PBS),WMVTHD,TRUE,TRUE,TRUE,TRUE
40,WMYA-40 (MY NETWORK TV),WMYA,TRUE,TRUE,TRUE,TRUE
1040,WMYA-HD-40 (MY NETWORK TV),WMYAHD,TRUE,TRUE,TRUE,TRUE
20,WMYD-20 (MY NETWORK TV),WMYD,TRUE,TRUE,TRUE,TRUE
1020,WMYD-HD-20 (MY NETWORK TV),WMYDHD,TRUE,TRUE,TRUE,TRUE
58,WMYO-58 (MY NETWORK TV),WMYO,TRUE,TRUE,TRUE,TRUE
1058,WMYO-HD-58 (MY NETWORK TV),WMYOHD,TRUE,TRUE,TRUE,TRUE
69,WMYS-69 (MY NETWORK TV),WMYS,TRUE,TRUE,TRUE,TRUE
55,WMYT-55 (MY NETWORK TV),WMYT,TRUE,TRUE,TRUE,TRUE
1055,WMYT-HD-55 (MY NETWORK TV),WMYTHD,TRUE,TRUE,TRUE,TRUE
48,WMYV-48 (MY NETWORK TV),WMYV,TRUE,TRUE,TRUE,TRUE
1048,WMYV-HD-48 (MY NETWORK TV),WMYVHD,TRUE,TRUE,TRUE,TRUE
58,WNAB-58 (THE CW),WNAB,TRUE,TRUE,TRUE,TRUE
1058,WNAB-HD-58 (THE CW),WNABHD,TRUE,TRUE,TRUE,TRUE
4,WNBC-4 (NBC),WNBC,TRUE,TRUE,TRUE,TRUE
1004,WNBC-HD-4 (NBC),WNBCHD,TRUE,TRUE,TRUE,TRUE
17,WNCN-17 (NBC),WNCN,TRUE,TRUE,TRUE,TRUE
1017,WNCN-HD-17 (NBC),WNCNHD,TRUE,TRUE,TRUE,TRUE
16,WNDU-16 (NBC),WNDU,TRUE,TRUE,TRUE,TRUE
1016,WNDU-HD-16 (NBC),WNDUHD,TRUE,TRUE,TRUE,TRUE
10,WNDY-23 (My Network TV),WNDY,TRUE,TRUE,TRUE,TRUE
1010,WNDY-HD-23 (My Network TV),WNDYHD,TRUE,TRUE,TRUE,TRUE
5,WNEM-5 (CBS),WNEM,TRUE,TRUE,TRUE,TRUE
1005,WNEM-HD-5 (CBS),WNEMHD,TRUE,TRUE,TRUE,TRUE
13,WNET-13 (PBS),WNET,TRUE,TRUE,TRUE,TRUE
1013,WNET-HD-13 (PBS),WNETHD,TRUE,TRUE,TRUE,TRUE
18,WNGH-18 (PBS),WNGH,TRUE,TRUE,TRUE,TRUE
34,WNIT-34 (PBS),WNIT,TRUE,TRUE,TRUE,TRUE
1034,WNIT-HD-34 (PBS),WNITHD,TRUE,TRUE,TRUE,TRUE
50,WNJN-50 (PBS),WNJN,TRUE,TRUE,TRUE,TRUE
47,WNJU-47 (TEL),WNJU,TRUE,TRUE,TRUE,TRUE
13,WNOL-38 (THE CW),WNOL,TRUE,TRUE,TRUE,TRUE
38,WNOL-38 (THE CW),WNOL,TRUE,TRUE,TRUE,TRUE
1013,WNOL-HD-38 (THE CW),WNOLHD,TRUE,TRUE,TRUE,TRUE
1038,WNOL-HD-38 (THE CW),WNOLHD,TRUE,TRUE,TRUE,TRUE
8,WNPT-8 (PBS),WNPT,TRUE,TRUE,TRUE,TRUE
1008,WNPT-HD-8 (PBS),WNPTHD,TRUE,TRUE,TRUE,TRUE
28,WNPX-28 (ION),WNPX,TRUE,TRUE,TRUE,TRUE
1028,WNPX-HD-28 (ION),WNPXHD,TRUE,TRUE,TRUE,TRUE
30,WNSC-30 (PBS),WNSC,TRUE,TRUE,TRUE,TRUE
1030,WNSC-HD-30 (PBS),WNSCHD,TRUE,TRUE,TRUE,TRUE
29,WNTV-29 (PBS),WNTV,TRUE,TRUE,TRUE,TRUE
24,WNWO-24 (NBC),WNWO,TRUE,TRUE,TRUE,TRUE
1024,WNWO-HD-24 (NBC),WNWOHD,TRUE,TRUE,TRUE,TRUE
25,WNYE-25 (PBS),WNYE,TRUE,TRUE,TRUE,TRUE
5,WNYW-5 (FOX),WNYW,TRUE,TRUE,TRUE,TRUE
1005,WNYW-HD-5 (FOX),WNYWHD,TRUE,TRUE,TRUE,TRUE
4,WOAI-4 (NBC),WOAI,TRUE,TRUE,TRUE,TRUE
1004,WOAI-HD-4 (NBC),WOAIHD,TRUE,TRUE,TRUE,TRUE
41,WOCH-41 (KBC),WOCH,TRUE,TRUE,TRUE,TRUE
13,WOCK-CD-13 (MUNDOFOX),WOCKCD,TRUE,TRUE,TRUE,TRUE
1013,WOCK-CD-HD-13 (MUNDOFOX),WOCKCH,TRUE,TRUE,TRUE,TRUE
3,WOFL-35 (FOX),WOFL,TRUE,TRUE,TRUE,TRUE
1003,WOFL-HD-35 (FOX),WOFLHD,TRUE,TRUE,TRUE,TRUE
19,WOIO-19 (CBS),WOIO,TRUE,TRUE,TRUE,TRUE,,,
1019,WOIO-HD-19 (CBS),WOIOHD,TRUE,TRUE,TRUE,TRUE,,,
25,WOLO-25 (ABC),WOLO,TRUE,TRUE,TRUE,TRUE,,,
1025,WOLO-HD-25 (ABC),WOLOHD,TRUE,TRUE,TRUE,TRUE,,,
8,WOOD-8 (NBC),WOOD,TRUE,TRUE,TRUE,TRUE,,,
1008,WOOD-HD-8 (NBC),WOODHD,TRUE,TRUE,TRUE,TRUE,,,
56,WOPX-56 (ION),WOPX,TRUE,TRUE,TRUE,TRUE,,,
1056,WOPX-HD-56 (ION),WOPXHD,TRUE,TRUE,TRUE,TRUE,,,
1679,World Fishing Network HD,WFN HD,,,,,,,TRUE
34,WOSU-34 (PBS),WOSU,TRUE,TRUE,TRUE,TRUE,,,
1034,WOSU-HD-34 (PBS),WOSUHD,TRUE,TRUE,TRUE,TRUE,,,
43,WOTF-43 (UniMas),WOTF,TRUE,TRUE,TRUE,TRUE,,,
1043,WOTF-HD-43 (UniMas),WOTFHD,TRUE,TRUE,TRUE,TRUE,,,
4,WOTV-41 (ABC),WOTV,TRUE,TRUE,TRUE,TRUE,,,
1004,WOTV-HD-41 (ABC),WOTVHD,TRUE,TRUE,TRUE,TRUE,,,
40,WPAN-53 (IND),WPAN,TRUE,TRUE,TRUE,TRUE,,,
30,WPBA-30 (PBS),WPBA,TRUE,TRUE,TRUE,TRUE
1030,WPBA-HD-30 (PBS),WPBAHD,TRUE,TRUE,TRUE,TRUE
25,WPBF-25 (ABC),WPBF,TRUE,TRUE,TRUE,TRUE
1025,WPBF-HD-25 (ABC),WPBFHD,TRUE,TRUE,TRUE,TRUE
2,WPBT-2 (PBS),WPBT,TRUE,TRUE,TRUE,TRUE
1002,WPBT-HD-2 (PBS),WPBTHD,TRUE,TRUE,TRUE,TRUE
17,WPCH-17 (IND),WPCH,TRUE,TRUE,TRUE,TRUE
1017,WPCH-HD-17 (IND),WPCHHD,TRUE,TRUE,TRUE,TRUE
12,WPEC-12 (CBS),WPEC,TRUE,TRUE,TRUE,TRUE
1012,WPEC-HD-12 (CBS),WPECHD,TRUE,TRUE,TRUE,TRUE
50,WPGD-50 (TBN),WPGD,TRUE,TRUE,TRUE,TRUE
11,WPIX-11 (THE CW),WPIX,TRUE,TRUE,TRUE,TRUE
1011,WPIX-HD-11 (THE CW),WPIXHD,TRUE,TRUE,TRUE,TRUE
10,WPLG-10 (ABC),WPLG,TRUE,TRUE,TRUE,TRUE
1010,WPLG-HD-10 (ABC),WPLGHD,TRUE,TRUE,TRUE,TRUE
15,WPMI-15 (NBC),WPMI,TRUE,TRUE,TRUE,TRUE
1015,WPMI-HD-15 (NBC),WPMIHD,TRUE,TRUE,TRUE,TRUE
38,WPNE-38 (PBS),WPNE,TRUE,TRUE,TRUE,TRUE
1038,WPNE-HD-38 (PBS),WPNEHD,TRUE,TRUE,TRUE,TRUE
16,WPTD-16 (PBS),WPTD,TRUE,TRUE,TRUE,TRUE
1016,WPTD-HD-16 (PBS),WPTDHD,TRUE,TRUE,TRUE,TRUE
5,WPTV-5 (NBC),WPTV,TRUE,TRUE,TRUE,TRUE
1005,WPTV-HD-5 (NBC),WPTVHD,TRUE,TRUE,TRUE,TRUE
24,WPTY-24 (ABC),WPTY,TRUE,TRUE,TRUE,TRUE
1024,WPTY-HD-24 (ABC),WPTYHD,TRUE,TRUE,TRUE,TRUE
8,WPWR-50 (MY NETWORK TV),WPWR,TRUE,TRUE,TRUE,TRUE
1008,WPWR-HD-50 (MY NETWORK TV),WPWRHD,TRUE,TRUE,TRUE,TRUE
14,WPXA-14 (ION),WPXA,TRUE,TRUE,TRUE,TRUE
1014,WPXA-HD-14 (ION),WPXAHD,TRUE,TRUE,TRUE,TRUE
21,WPXC-21 (ION),WPXC,TRUE,TRUE,TRUE,TRUE
1021,WPXC-HD-21 (ION),WPXCHD,TRUE,TRUE,TRUE,TRUE
31,WPXD-31 (ION),WPXD,TRUE,TRUE,TRUE,TRUE
1031,WPXD-HD-31 (ION),WPXDHD,TRUE,TRUE,TRUE,TRUE
55,WPXE-55 (ION),WPXE,TRUE,TRUE,TRUE,TRUE
44,WPXH-44 (ION),WPXH,TRUE,TRUE,TRUE,TRUE
1044,WPXH-HD-44 (ION),WPXHHD,TRUE,TRUE,TRUE,TRUE
54,WPXK-54 (ION),WPXK,TRUE,TRUE,TRUE,TRUE
1054,WPXK-HD-54 (ION),WPXKHD,TRUE,TRUE,TRUE,TRUE
49,WPXL-49 (ION),WPXL,TRUE,TRUE,TRUE,TRUE
35,WPXM-35 (ION),WPXM,TRUE,TRUE,TRUE,TRUE
1035,WPXM-HD-35 (ION),WPXMHD,TRUE,TRUE,TRUE,TRUE
31,WPXN-31 (ION),WPXN,TRUE,TRUE,TRUE,TRUE
1031,WPXN-HD-31 (ION),WPXNHD,TRUE,TRUE,TRUE,TRUE
67,WPXP-67 (ION),WPXP,TRUE,TRUE,TRUE,TRUE
1067,WPXP-HD-67 (ION),WPXPHD,TRUE,TRUE,TRUE,TRUE
50,WPXX-50 (ION),WPXX,TRUE,TRUE,TRUE,TRUE
1050,WPXX-HD-50 (ION),WPXXHD,TRUE,TRUE,TRUE,TRUE
11,WQHS-61 (UNI),WQHS,TRUE,TRUE,TRUE,TRUE
5,WRAL-5 (CBS),WRAL,TRUE,TRUE,TRUE,TRUE
1005,WRAL-HD-5 (CBS),WRALHD,TRUE,TRUE,TRUE,TRUE
30,WRAY-30 (IND),WRAY,TRUE,TRUE,TRUE,TRUE
1030,WRAY-HD-30 (IND),WRAYHD,TRUE,TRUE,TRUE,TRUE
50,WRAZ-50 (FOX),WRAZ,TRUE,TRUE,TRUE,TRUE
1050,WRAZ-HD-50 (FOX),WRAZHD,TRUE,TRUE,TRUE,TRUE
34,WRBJ-34 (THE CW),WRBJ,TRUE,TRUE,TRUE,TRUE
1034,WRBJ-HD-34 (THE CW),WRBJHD,TRUE,TRUE,TRUE,TRUE
46,WRBU-46 (MY NETWORK TV),WRBU,TRUE,TRUE,TRUE,TRUE
5,WRBW-65 (MY NETWORK TV),WRBW,TRUE,TRUE,TRUE,TRUE
1005,WRBW-HD-65 (MY NETWORK TV),WRBWHD,TRUE,TRUE,TRUE,TRUE
3,WRCB-3 (NBC),WRCB,TRUE,TRUE,TRUE,TRUE
1003,WRCB-HD-3 (NBC),WRCBHD,TRUE,TRUE,TRUE,TRUE
28,WRDC-28 (MY NETWORK TV),WRDC,TRUE,TRUE,TRUE,TRUE
1028,WRDC-HD-28 (MY NETWORK TV),WRDCHD,TRUE,TRUE,TRUE,TRUE
13,WRDM-13 (TEL),WRDM,TRUE,TRUE,TRUE,TRUE
27,WRDQ-27 (IND),WRDQ,TRUE,TRUE,TRUE,TRUE
1027,WRDQ-HD-27 (IND),WRDQHD,TRUE,TRUE,TRUE,TRUE
3,WREG-3 (CBS),WREG,TRUE,TRUE,TRUE,TRUE
1003,WREG-HD-3 (CBS),WREGHD,TRUE,TRUE,TRUE,TRUE
45,WRGT-45 (FOX),WRGT,TRUE,TRUE,TRUE,TRUE
1045,WRGT-HD-45 (FOX),WRGTHD,TRUE,TRUE,TRUE,TRUE
35,WRLK-35 (PBS),WRLK,TRUE,TRUE,TRUE,TRUE
1035,WRLK-HD-35 (PBS),WRLKHD,TRUE,TRUE,TRUE,TRUE
67,WRLM-67 (TCT),WRLM,TRUE,TRUE,TRUE,TRUE
48,WRNN-48 (IND),WRNN,TRUE,TRUE,TRUE,TRUE
47,WRPX-47 (ION),WRPX,TRUE,TRUE,TRUE,TRUE
1047,WRPX-HD-47 (ION),WRPXHD,TRUE,TRUE,TRUE,TRUE
55,WRSP-55 (FOX),WRSP,TRUE,TRUE,TRUE,TRUE
1055,WRSP-HD-55 (FOX),WRSPHD,TRUE,TRUE,TRUE,TRUE
6,WRTV-6 (ABC),WRTV,TRUE,TRUE,TRUE,TRUE
1006,WRTV-HD-6 (ABC),WRTVHD,TRUE,TRUE,TRUE,TRUE
2,WSB-2 (ABC),WSB,TRUE,TRUE,TRUE,TRUE
1002,WSB-HD-2 (ABC),WSBHD,TRUE,TRUE,TRUE,TRUE
22,WSBS-50 (IND),WSBS,TRUE,TRUE,TRUE,TRUE
1022,WSBS-HD-50 (IND),WSBSHD,TRUE,TRUE,TRUE,TRUE
22,WSBT-22 (CBS),WSBT,TRUE,TRUE,TRUE,TRUE
1022,WSBT-HD-22 (CBS),WSBTHD,TRUE,TRUE,TRUE,TRUE
51,WSCV-51 (TEL),WSCV,TRUE,TRUE,TRUE,TRUE
1051,WSCV-HD-51 (TEL),WSCVHD,TRUE,TRUE,TRUE,TRUE
14,WSEC-14 (PBS),WSEC,TRUE,TRUE,TRUE,TRUE
1014,WSEC-HD-14 (PBS),WSECHD,TRUE,TRUE,TRUE,TRUE
51,WSFJ-51 (TBN),WSFJ,TRUE,TRUE,TRUE,TRUE
39,WSFL-39 (THE CW),WSFL,TRUE,TRUE,TRUE,TRUE
1039,WSFL-HD-39 (THE CW),WSFLHD,TRUE,TRUE,TRUE,TRUE
28,WSJV-28 (FOX),WSJV,TRUE,TRUE,TRUE,TRUE
1028,WSJV-HD-28 (FOX),WSJVHD,TRUE,TRUE,TRUE,TRUE
66,WSMH-66 (FOX),WSMH,TRUE,TRUE,TRUE,TRUE
1066,WSMH-HD-66 (FOX),WSMHHD,TRUE,TRUE,TRUE,TRUE
4,WSMV-4 (NBC),WSMV,TRUE,TRUE,TRUE,TRUE
1004,WSMV-HD-4 (NBC),WSMVHD,TRUE,TRUE,TRUE,TRUE
44,WSNS-44 (TEL),WSNS,TRUE,TRUE,TRUE,TRUE
1044,WSNS-HD-44 (TEL),WSNSHD,TRUE,TRUE,TRUE,TRUE
9,WSOC-9 (ABC),WSOC,TRUE,TRUE,TRUE,TRUE
1009,WSOC-HD-9 (ABC),WSOCHD,TRUE,TRUE,TRUE,TRUE
7,WSPA-7 (CBS),WSPA,TRUE,TRUE,TRUE,TRUE
1007,WSPA-HD-7 (CBS),WSPAHD,TRUE,TRUE,TRUE,TRUE
23,WSRE-23 (PBS),WSRE,TRUE,TRUE,TRUE,TRUE
1023,WSRE-HD-23 (PBS),WSREHD,TRUE,TRUE,TRUE,TRUE
7,WSVN-7 (FOX),WSVN,TRUE,TRUE,TRUE,TRUE
1007,WSVN-HD-7 (FOX),WSVNHD,TRUE,TRUE,TRUE,TRUE
47,WSYM-47 (FOX),WSYM,TRUE,TRUE,TRUE,TRUE
1047,WSYM-HD-47 (FOX),WSYMHD,TRUE,TRUE,TRUE,TRUE
6,WSYX-6 (ABC),WSYX,TRUE,TRUE,TRUE,TRUE
1006,WSYX-HD-6 (ABC),WSYXHD,TRUE,TRUE,TRUE,TRUE
24,WTAT-24 (FOX),WTAT,TRUE,TRUE,TRUE,TRUE
1024,WTAT-HD-24 (FOX),WTATHD,TRUE,TRUE,TRUE,TRUE
26,WTBS-LP-26 (MUNDOFOX),WTBSLP,TRUE,TRUE,TRUE,TRUE
54,WTBY-54 (TBN),WTBY,TRUE,TRUE,TRUE,TRUE
21,WTCE-21 (IND),WTCE,TRUE,TRUE,TRUE,TRUE
45,WTCI-45 (PBS),WTCI,TRUE,TRUE,TRUE,TRUE
1045,WTCI-HD-45 (PBS),WTCIHD,TRUE,TRUE,TRUE,TRUE
15,WTCN-43 (MY NETWORK TV),WTCN,TRUE,TRUE,TRUE,TRUE
1015,WTCN-HD-43 (MY NETWORK TV),WTCNHD,TRUE,TRUE,TRUE,TRUE
47,WTEV-47 (CBS),WTEV,TRUE,TRUE,TRUE,TRUE
1047,WTEV-HD-47 (CBS),WTEVHD,TRUE,TRUE,TRUE,TRUE
45,WTGL-45 (TLN),WTGL,TRUE,TRUE,TRUE,TRUE
13,WTHR-13 (NBC),WTHR,TRUE,TRUE,TRUE,TRUE
1013,WTHR-HD-13 (NBC),WTHRHD,TRUE,TRUE,TRUE,TRUE
6,WTIC-61 (FOX),WTIC,TRUE,TRUE,TRUE,TRUE
1006,WTIC-HD-61 (FOX),WTICHD,TRUE,TRUE,TRUE,TRUE
30,WTIU-30 (PBS),WTIU,TRUE,TRUE,TRUE,TRUE
1030,WTIU-HD-30 (PBS),WTIUHD,TRUE,TRUE,TRUE,TRUE
60,WTJP-60 (TBN),WTJP,TRUE,TRUE,TRUE,TRUE
54,WTLJ-54 (TCT),WTLJ,TRUE,TRUE,TRUE,TRUE
12,WTLV-12 (NBC),WTLV,TRUE,TRUE,TRUE,TRUE
1012,WTLV-HD-12 (NBC),WTLVHD,TRUE,TRUE,TRUE,TRUE
4,WTMJ-4 (NBC),WTMJ,TRUE,TRUE,TRUE,TRUE
1004,WTMJ-HD-4 (NBC),WTMJHD,TRUE,TRUE,TRUE,TRUE
31,WTMO-31 (TEL),WTMO,TRUE,TRUE,TRUE,TRUE
26,WTNC-26 (UniMas),WTNC,TRUE,TRUE,TRUE,TRUE
8,WTNH-8 (ABC),WTNH,TRUE,TRUE,TRUE,TRUE
1008,WTNH-HD-8 (ABC),WTNHHD,TRUE,TRUE,TRUE,TRUE
22,WTNO-LP-22 (AZTECA),WTNOLP,TRUE,TRUE,TRUE,TRUE
43,WTNZ-43 (FOX),WTNZ,TRUE,TRUE,TRUE,TRUE
1043,WTNZ-HD-43 (FOX),WTNZHD,TRUE,TRUE,TRUE,TRUE
11,WTOL-11 (CBS),WTOL,TRUE,TRUE,TRUE,TRUE
1011,WTOL-HD-11 (CBS),WTOLHD,TRUE,TRUE,TRUE,TRUE
28,WTTE-28 (FOX),WTTE,TRUE,TRUE,TRUE,TRUE
1028,WTTE-HD-28 (FOX),WTTEHD,TRUE,TRUE,TRUE,TRUE
21,WTTO-21 (THE CW),WTTO,TRUE,TRUE,TRUE,TRUE
1021,WTTO-HD- 21 (THE CW),WTTOHD,TRUE,TRUE,TRUE,TRUE
4,WTTV-4 (The CW),WTTV,TRUE,TRUE,TRUE,TRUE
1004,WTTV-HD-4 (The CW),WTTVHD,TRUE,TRUE,TRUE,TRUE
11,WTTW-11 (PBS),WTTW,TRUE,TRUE,TRUE,TRUE
1011,WTTW-HD-11 (PBS),WTTWHD,TRUE,TRUE,TRUE,TRUE
9,WTVC-9 (ABC),WTVC,TRUE,TRUE,TRUE,TRUE
1009,WTVC-HD-9 (ABC),WTVCHD,TRUE,TRUE,TRUE,TRUE
11,WTVD-11 (ABC),WTVD,TRUE,TRUE,TRUE,TRUE
1011,WTVD-HD-11 (ABC),WTVDHD,TRUE,TRUE,TRUE,TRUE
5,WTVF-5 (CBS),WTVF,TRUE,TRUE,TRUE,TRUE
1005,WTVF-HD-5 (CBS),WTVFHD,TRUE,TRUE,TRUE,TRUE
13,WTVG-13 (ABC),WTVG,TRUE,TRUE,TRUE,TRUE
1013,WTVG-HD-13 (ABC),WTVGHD,TRUE,TRUE,TRUE,TRUE
42,WTVI-42 (PBS),WTVI,TRUE,TRUE,TRUE,TRUE
6,WTVJ-6 (NBC),WTVJ,TRUE,TRUE,TRUE,TRUE
1006,WTVJ-HD-6 (NBC),WTVJHD,TRUE,TRUE,TRUE,TRUE
56,WTVS-56 (PBS),WTVS,TRUE,TRUE,TRUE,TRUE
1056,WTVS-HD-56 (PBS),WTVSHD,TRUE,TRUE,TRUE,TRUE
4,WTVX-34 (THE CW),WTVX,TRUE,TRUE,TRUE,TRUE
1004,WTVX-HD-34 (THE CW),WTVXHD,TRUE,TRUE,TRUE,TRUE
23,WTWV-23 (IND),WTWV,TRUE,TRUE,TRUE,TRUE
11,WTZT-CA-11 (IND),WTZTCA,TRUE,TRUE,TRUE,TRUE
43,WUAB-43 (MY NETWORK TV),WUAB,TRUE,TRUE,TRUE,TRUE
1043,WUAB-HD-43 (MY NETWORK TV),WUABHD,TRUE,TRUE,TRUE,TRUE
24,WUCF-24 (PBS),WUCF,TRUE,TRUE,TRUE,TRUE
1024,WUCF-HD-24 (PBS),WUCFHD,TRUE,TRUE,TRUE,TRUE
35,WUFX-35 (MY NETWORK TV),WUFX,TRUE,TRUE,TRUE,TRUE
1035,WUFX-HD-35 (MY NETWORK TV),WUFXHD,TRUE,TRUE,TRUE,TRUE
32,WUGA-24 (PBS),WUGA,TRUE,TRUE,TRUE,TRUE
4,WUNC-4 (PBS),WUNC,TRUE,TRUE,TRUE,TRUE
1004,WUNC-HD-4 (PBS),WUNCHD,TRUE,TRUE,TRUE,TRUE
17,WUNE-17 (PBS),UNC EX,TRUE,TRUE,TRUE,TRUE
33,WUNF-33 (PBS),WUNF,TRUE,TRUE,TRUE,TRUE
1033,WUNF-HD-33 (PBS),WUNFHD,TRUE,TRUE,TRUE,TRUE
58,WUNG-58 (PBS),UNC-TV,TRUE,TRUE,TRUE,TRUE
1058,WUNG-HD-58 (PBS),UNC-HD,TRUE,TRUE,TRUE,TRUE
26,WUNL-26 (PBS),WUNL,TRUE,TRUE,TRUE,TRUE
1026,WUNL-HD-26 (PBS),WUNLHD,TRUE,TRUE,TRUE,TRUE
36,WUNP-36 (PBS),UNC EX,TRUE,TRUE,TRUE,TRUE
27,WUNW-27 (PBS),WUNW,TRUE,TRUE,TRUE,TRUE
23,WUOA-23 (AMERICA ONE),WUOA,TRUE,TRUE,TRUE,TRUE
69,WUPA-69 (CW),WUPA,TRUE,TRUE,TRUE,TRUE
1069,WUPA-HD-69 (CW),WUPAHD,TRUE,TRUE,TRUE,TRUE
2,WUPL-54 (MY NETWORK TV),WUPL,TRUE,TRUE,TRUE,TRUE
1002,WUPL-HD-54 (MY NETWORK TV),WUPLHD,TRUE,TRUE,TRUE,TRUE
12,WUPW-36 (FOX),WUPW,TRUE,TRUE,TRUE,TRUE
1012,WUPW-HD-36 (FOX),WUPWHD,TRUE,TRUE,TRUE,TRUE
2,WUTH-47 (UniMas),WUTH,TRUE,TRUE,TRUE,TRUE
40,WUVC-40 (UNI),WUVC,TRUE,TRUE,TRUE,TRUE
1040,WUVC-HD-40 (UNI),WUVCHD,TRUE,TRUE,TRUE,TRUE
34,WUVG-34 (UNI),WUVG,TRUE,TRUE,TRUE,TRUE
1034,WUVG-HD-34 (UNI),WUVGHD,TRUE,TRUE,TRUE,TRUE
4,WUVM-4 (AZTECA),WUVM,TRUE,TRUE,TRUE,TRUE
5,WUVN-18 (UNI),WUVN,TRUE,TRUE,TRUE,TRUE
1005,WUVN-HD-18 (UNI),WUVNHD,TRUE,TRUE,TRUE,TRUE
30,WUXP-30 (MY NETWORK TV),WUXP,TRUE,TRUE,TRUE,TRUE
1030,WUXP-HD-30 (MY NETWORK TV),WUXPHD,TRUE,TRUE,TRUE,TRUE
30,WVCY-30 (IND),WVCY,TRUE,TRUE,TRUE,TRUE
26,WVEN-26 (UNI),WVEN,TRUE,TRUE,TRUE,TRUE
1026,WVEN-HD-26 (UNI),WVENHD,TRUE,TRUE,TRUE,TRUE
4,WVIT-30 (NBC),WVIT,TRUE,TRUE,TRUE,TRUE
1004,WVIT-HD-30 (NBC),WVITHD,TRUE,TRUE,TRUE,TRUE
25,WVIZ-25 (PBS),WVIZ,TRUE,TRUE,TRUE,TRUE
1025,WVIZ-HD-25 (PBS),WVIZHD,TRUE,TRUE,TRUE,TRUE
33,WVLA-33 (NBC),WVLA,TRUE,TRUE,TRUE,TRUE
1033,WVLA-HD-33 (NBC),WVLAHD,TRUE,TRUE,TRUE,TRUE
48,WVLR-48 (CTN),WVLR,TRUE,TRUE,TRUE,TRUE
8,WVLT-8 (CBS),WVLT,TRUE,TRUE,TRUE,TRUE
1008,WVLT-HD-8 (CBS),WVLTHD,TRUE,TRUE,TRUE,TRUE
23,WVPX-23 (ION),WVPX,TRUE,TRUE,TRUE,TRUE
1023,WVPX-HD-23 (ION),WVPXHD,TRUE,TRUE,TRUE,TRUE
13,WVTM-13 (NBC),WVTM,TRUE,TRUE,TRUE,TRUE
1013,WVTM-HD-13 (NBC),WVTMHD,TRUE,TRUE,TRUE,TRUE
18,WVTV-18 (THE CW),WVTV,TRUE,TRUE,TRUE,TRUE
1018,WVTV-HD-18 (THE CW),WVTVHD,TRUE,TRUE,TRUE,TRUE
8,WVUE-8 (FOX),WVUE,TRUE,TRUE,TRUE,TRUE
1008,WVUE-HD-8 (FOX),WVUEHD,TRUE,TRUE,TRUE,TRUE
16,WWHB-48 (AZTECA),WWHB,TRUE,TRUE,TRUE,TRUE
5,WWHO-53 (THE CW),WWHO,TRUE,TRUE,TRUE,TRUE
1005,WWHO-HD-53 (THE CW),WWHOHD,TRUE,TRUE,TRUE,TRUE
62,WWJ-62 (CBS),WWJ,TRUE,TRUE,TRUE,TRUE
1062,WWJ-HD-62 (CBS),WWJHD,TRUE,TRUE,TRUE,TRUE
51,WWJX-51 (IND),WWJX,TRUE,TRUE,TRUE,TRUE
3,WWL-4 (CBS),WWL,TRUE,TRUE,TRUE,TRUE
1003,WWL-HD-4 (CBS),WWLHD,TRUE,TRUE,TRUE,TRUE
24,WWME-CA-23 (IND),WWMECA,TRUE,TRUE,TRUE,TRUE
3,WWMT-3 (CBS),WWMT,TRUE,TRUE,TRUE,TRUE
1003,WWMT-HD-3 (CBS),WWMTHD,TRUE,TRUE,TRUE,TRUE
9,WWOR-9 (MY NETWORK TV),WWOR,TRUE,TRUE,TRUE,TRUE
1009,WWOR-HD-9 (MY NETWORK TV),WWORHD,TRUE,TRUE,TRUE,TRUE
52,WWRS-52 (TBN),WWRS,TRUE,TRUE,TRUE,TRUE
35,WWTO-35 (TBN),WWTO,TRUE,TRUE,TRUE,TRUE
42,WXEL-42 (PBS),WXEL,TRUE,TRUE,TRUE,TRUE
1042,WXEL-HD-42 (PBS),WXELHD,TRUE,TRUE,TRUE,TRUE
16,WXFT-60 (UniMas),WXFT,TRUE,TRUE,TRUE,TRUE
1016,WXFT-HD-60 (UniMas),WXFTHD,TRUE,TRUE,TRUE,TRUE
11,WXIA-11 (NBC),WXIA,TRUE,TRUE,TRUE,TRUE
1011,WXIA-HD-11 (NBC),WXIAHD,TRUE,TRUE,TRUE,TRUE
12,WXII-12 (NBC),WXII,TRUE,TRUE,TRUE,TRUE
1012,WXII-HD-12 (NBC),WXIIHD,TRUE,TRUE,TRUE,TRUE
11,WXIN-59 (Fox),WXIN,TRUE,TRUE,TRUE,TRUE
1011,WXIN-HD-59 (Fox),WXINHD,TRUE,TRUE,TRUE,TRUE
45,WXLV-45 (ABC),WXLV,TRUE,TRUE,TRUE,TRUE
1045,WXLV-HD-45 (ABC),WXLVHD,TRUE,TRUE,TRUE,TRUE
17,WXMI-17 (FOX),WXMI,TRUE,TRUE,TRUE,TRUE
1017,WXMI-HD-17 (FOX),WXMIHD,TRUE,TRUE,TRUE,TRUE
27,WXMS-LP-27 (MeTV),WXMS,TRUE,TRUE,TRUE,TRUE
6,WXSP-15 (MY NETWORK TV),WXSP,TRUE,TRUE,TRUE,TRUE
41,WXTV-41 (UNI),WXTV,TRUE,TRUE,TRUE,TRUE
1041,WXTV-HD-41 (UNI),WXTVHD,TRUE,TRUE,TRUE,TRUE
25,WXXV-25 (FOX),WXXV,TRUE,TRUE,TRUE,TRUE
26,WXXV-25.2 (NBC),WXXVD2,TRUE,TRUE,TRUE,TRUE
1025,WXXV-HD-25 (FOX),WXXVHD,TRUE,TRUE,TRUE,TRUE
1026,WXXV-HD-25.2 (NBC),WXXVH2,TRUE,TRUE,TRUE,TRUE
7,WXYZ-7 (ABC),WXYZ,TRUE,TRUE,TRUE,TRUE
1007,WXYZ-HD-7 (ABC),WXYZHD,TRUE,TRUE,TRUE,TRUE
20,WYCC-20 (PBS),WYCC,TRUE,TRUE,TRUE,TRUE
62,WYCW-62 (THE CW),WYCW,TRUE,TRUE,TRUE,TRUE
1062,WYCW-HD-62 (THE CW),WYCWHD,TRUE,TRUE,TRUE,TRUE
12,WYES-12 (PBS),WYES,TRUE,TRUE,TRUE,TRUE
1012,WYES-HD-12 (PBS),WYESHD,TRUE,TRUE,TRUE,TRUE
4,WYFF-4 (NBC),WYFF,TRUE,TRUE,TRUE,TRUE
1004,WYFF-HD-4 (NBC),WYFFHD,TRUE,TRUE,TRUE,TRUE
56,WYIN-56 (PBS),WYIN,TRUE,TRUE,TRUE,TRUE
27,WYTU-63 (TEL),WYTU,TRUE,TRUE,TRUE,TRUE
54,WZDX-54 (FOX),WZDX,TRUE,TRUE,TRUE,TRUE
1054,WZDX-HD-54 (FOX),WZDXHD,TRUE,TRUE,TRUE,TRUE
43,WZME-43 (ME TV),WZME,TRUE,TRUE,TRUE,TRUE
43,WZPX-43 (ION),WZPX,TRUE,TRUE,TRUE,TRUE
1043,WZPX-HD-43 (ION),WZPXHD,TRUE,TRUE,TRUE,TRUE
47,WZRB-47 (THE CW),WZRB,TRUE,TRUE,TRUE,TRUE
17,WZTV-17 (FOX),WZTV,TRUE,TRUE,TRUE,TRUE
1017,WZTV-HD-17 (FOX),WZTVHD,TRUE,TRUE,TRUE,TRUE
13,WZZM-13 (ABC),WZZM,TRUE,TRUE,TRUE,TRUE
1013,WZZM-HD-13 (ABC),WZZMHD,TRUE,TRUE,TRUE,TRUE
13,XDTV-49 (MY NETWORK TV),XDTV,TRUE,TRUE,TRUE,TRUE
1013,XDTV-HD-49 (MY NETWORK TV),XDTVHD,TRUE,TRUE,TRUE,TRUE
6,XETV-6 (THE CW),XETV,TRUE,TRUE,TRUE,TRUE
1006,XETV-HD-6 (THE CW),XETVHD,TRUE,TRUE,TRUE,TRUE
12,XEWT-12 (Televisa),XEWT,TRUE,TRUE,TRUE,TRUE,,,
4,XHAS-33 (TEL),XHAS,TRUE,TRUE,TRUE,TRUE,,,
1004,XHAS-HD-33 (TEL),XHASHD,TRUE,TRUE,TRUE,TRUE,,,
32,XHJC-32 (TELEVISA),XHJC,TRUE,TRUE,TRUE,TRUE,,,
57,XHUAA-57 (TELEVISA),XHUAA,TRUE,TRUE,TRUE,TRUE,,,
1057,XHUAA-HD-57 (TELEVISA),XHUAA,TRUE,TRUE,TRUE,TRUE,,,
1702,YES HD,YESHD,TRUE,TRUE,TRUE,,,,TRUE
702,YES Network,YES,TRUE,TRUE,TRUE,,,,
3702,Zee TV,ZEE TV,,,,,TRUE,,